id,domain,status,purchase_price,renewal_price,attractiveness,demand,length,registrar,created_at,expires_at,status_verified_at
3a18803c-12e4-445c-8191-f5add8968860,performs.bz,available,25,,medium,low,8,name.com,,,
d20f6080-ee14-44f3-9cc2-62553fce360c,awaken.bz,available,21.98,26.98,high,low,6,namecheap,,,22/09/2026 14:40
feb6b6bc-de9d-427a-b844-efe7c72fc32f,ecstatic.bz,available,21.98,26.98,high,low,8,namecheap,,,14/08/2026 23:44
5ff49f9b-2197-4fb7-91b1-d91ec55df842,tall.bz,available,21.98,26.98,high,low,4,namecheap,,,24/09/2026 22:52
8c9ef5d6-57c1-4e54-926f-68187649eb0a,multiply.bz,available,21.98,26.98,high,low,8,namecheap,,,15/09/2026 15:37
433de961-f1e4-40b5-9906-253690e91539,moonflower.bz,available,21.98,26.98,high,low,10,namecheap,,,23/09/2026 06:03
21ed29ab-54d3-4584-bbad-754b5f0f576b,acclaim.bz,available,21.98,26.98,high,low,7,namecheap,,,16/09/2026 22:32
37037de7-6faa-474f-bfda-c39786e00dec,undefeated.bz,available,21.98,26.98,high,low,10,namecheap,,,12/09/2026 07:12
afa2a71f-4d05-465a-a305-0eeca72f4511,oversight.bz,available,25,,high,low,9,name.com,,,
473f15a7-8e25-4a0b-9d7d-560edeaa413f,blench.bz,available,21.98,26.98,medium,low,6,namecheap,,,04/09/2026 23:29
0df008b2-64c3-42d9-9779-390c67752c5c,nosy.bz,available,21.98,26.98,medium,low,4,namecheap,,,03/09/2026 21:48
e6ce2363-5222-4d66-9976-24fd983e73b9,reginald.bz,available,21.98,26.98,high,low,8,namecheap,,,25/09/2026 15:10
34504843-ed17-40e8-a57d-dd0588b19a21,provable.bz,available,21.98,26.98,high,low,8,namecheap,,,09/09/2026 04:24
5e281c1d-60e5-44b1-bc5f-6be87e5a728a,menstrual.bz,available,21.98,26.98,high,low,9,namecheap,,,11/08/2026 20:59
5e9cf131-b4b7-4ea3-9e9d-719abd66430f,araxes.bz,available,21.98,26.98,medium,low,6,namecheap,,,20/09/2026 00:19
f5e14d11-61b1-4624-9ade-32326ee4daab,rest.bz,available,25,,high,low,4,name.com,,,
52c1507d-9ba2-4b97-9641-7712d498c83a,haunting.bz,available,21.98,26.98,medium,low,8,namecheap,,,21/08/2026 01:34
f86191b2-53f6-42e8-a769-444cb198b7c6,danny.bz,available,21.98,26.98,medium,low,5,namecheap,,,25/09/2026 17:19
d9e0252f-769d-40a6-b01c-64a79977569a,oleaceous.bz,available,21.98,26.98,medium,low,9,namecheap,,,04/09/2026 02:06
96c64961-1c6a-42c3-8d9a-bb5e4076321b,asbestos.bz,available,21.98,26.98,high,low,8,namecheap,,,20/09/2026 12:54
5550f8b3-8ae5-4463-a0f8-7db30e4426a4,disruptive.bz,available,21.98,26.98,medium,low,10,namecheap,,,14/08/2026 12:21
eda256e0-d69d-4962-99d5-5e205894324e,facilities.bz,available,21.98,26.98,high,low,10,namecheap,,,26/09/2026 03:08
805fb927-27ba-4c5e-89b8-bc77b0f6e3a5,factor.bz,available,25,,high,low,6,name.com,,,
41e17b60-ac10-445a-b62c-f99dd80f4a62,apologue.bz,available,21.98,26.98,medium,low,8,namecheap,,,18/09/2026 10:43
6251d47d-3f59-4768-9381-31ee98f43be6,posted.bz,available,21.98,26.98,high,low,6,namecheap,,,09/09/2026 00:21
be3a8e22-3831-43cd-8107-61637aac9134,areola.bz,available,21.98,26.98,medium,low,6,namecheap,,,20/09/2026 03:49
10adbaac-4d77-4872-b6cf-fb429325d7e5,scupper.bz,available,21.98,26.98,medium,low,7,namecheap,,,18/09/2026 17:30
aa29bd13-e888-4413-a77a-f6cdfbf8fe79,argive.bz,available,21.98,26.98,medium,low,6,namecheap,,,06/08/2026 18:27
71dbbf9b-1094-4713-aef0-f3ab1050b12b,ruffled.bz,available,21.98,26.98,medium,low,7,namecheap,,,18/08/2026 15:53
b74b2fc9-3fb5-4b53-9949-ac2cdec0db4c,bohrium.bz,available,21.98,26.98,medium,low,7,namecheap,,,20/09/2026 22:07
a44005f5-4823-4bf5-a1ea-4c6a53b661e5,discerning.bz,available,21.98,26.98,high,low,10,namecheap,,,06/08/2026 08:23
215aea89-7712-408a-a053-3a22fddf4885,consultive.bz,available,21.98,26.98,medium,low,10,namecheap,,,
ab78a723-d4bb-4314-be1d-038ad6cb6131,atonement.bz,available,21.98,26.98,high,low,9,namecheap,,,21/09/2026 00:28
7da46a2c-3671-4cb3-9dff-9f9c584713f9,stalinist.bz,available,21.98,26.98,medium,low,9,namecheap,,,10/09/2026 18:25
4c41dca1-ecd8-497f-8f8d-c80a0c456fda,coalescing.bz,available,21.98,26.98,medium,low,10,namecheap,,,12/08/2026 13:53
dba8f8e9-dc76-4441-93a4-33621d21075c,aachen.bz,available,21.98,26.98,high,low,6,namecheap,,,16/09/2026 13:08
81d7ddf5-403d-431c-aa7d-b858659805ae,exchanging.bz,available,21.98,26.98,medium,low,10,namecheap,,,20/09/2026 00:55
e3e85617-318a-493f-bc3d-854d72a22d68,justification.bz,available,25,,medium,low,13,name.com,,,
37769017-3af5-4eb1-8c43-36b8b3347e95,transonic.bz,available,21.98,26.98,high,low,9,namecheap,,,10/09/2026 14:11
06cceb10-a28d-4679-af36-0eb04882a35d,abattoir.bz,available,21.98,26.98,high,low,8,namecheap,,,16/09/2026 14:13
704110ec-ff3f-4b22-bac6-71c49b4a9b2a,haircut.bz,available,25,,high,low,7,name.com,,,
5f766277-8506-481b-b90e-31d53e0283c9,mosey.bz,available,21.98,26.98,medium,low,5,namecheap,,,18/09/2026 17:00
f805f024-47fa-43e0-a199-63f11198a83f,informative.bz,available,25,,high,low,11,name.com,,,
245445d6-f500-42ce-b38e-337ca8f98fe6,purebred.bz,available,21.98,26.98,high,medium,8,namecheap,,,09/09/2026 06:16
17633704-d208-4398-a459-44432e5695b4,wounded.bz,available,21.98,26.98,high,low,7,namecheap,,,25/09/2026 06:51
73682778-ecff-4fe2-8cab-acbb466a269f,outlander.bz,available,21.98,26.98,medium,low,9,namecheap,,,
b88cedcc-7105-4a10-93eb-484898053bb3,consistent.bz,available,21.98,26.98,high,low,10,namecheap,,,12/08/2026 16:01
1b162f14-fa4b-4142-8684-33eb53d6dffd,exulting.bz,available,21.98,26.98,high,low,8,namecheap,,,17/08/2026 19:44
60b0de42-37d5-4e4c-bcf7-c784af2e7916,wannabe.bz,available,21.98,26.98,medium,low,7,namecheap,,,07/08/2026 05:17
ddad320b-e582-464c-a833-47576f7395f3,apogean.bz,available,21.98,26.98,medium,low,7,namecheap,,,06/08/2026 01:57
2f9c0b69-687f-47da-bd6e-d4ca49aaaf45,diaphanous.bz,available,21.98,26.98,medium,low,10,namecheap,,,12/08/2026 14:26
b34aabd2-9fea-40ac-b476-e628a704c317,bronchial.bz,available,21.98,26.98,medium,low,9,namecheap,,,11/08/2026 05:35
5cdec401-24ee-4014-b48f-f3aee9cf9290,locally.bz,available,25,,high,low,7,name.com,,,
3c2a4ce4-8a41-4df5-9bae-2f20e6b49e8a,suave.bz,available,25,27.99,high,low,5,name.com,,,13/08/2026 20:48
4c2eb5e8-1cad-401f-aaf1-8be9a5e8e737,balinese.bz,available,21.98,26.98,high,low,8,namecheap,,,21/09/2026 22:03
68d44fc3-545d-4dd8-85fc-215de0002126,wilcox.bz,available,21.98,26.98,medium,low,6,namecheap,,,27/09/2026 01:45
26d074cb-ca88-4771-82e0-afaf205b7b68,reborn.bz,available,21.98,26.98,high,low,6,namecheap,,,10/08/2026 20:11
430fa27c-473c-4aad-95d7-b57f2098416f,clunk.bz,available,21.98,26.98,medium,low,5,namecheap,,,11/09/2026 15:10
45fef0be-1b47-4fb0-9064-0ed9cebcf346,cucumbers.bz,available,21.98,26.98,high,low,9,namecheap,,,20/09/2026 10:05
55e19636-2fe5-403e-a5d6-60e5dd85129a,balky.bz,available,21.98,26.98,medium,low,5,namecheap,,,08/08/2026 09:55
095216f1-dcc0-4027-9cf3-38750c614be8,weightless.bz,available,21.98,26.98,high,low,10,namecheap,,,13/09/2026 10:09
bc009153-73ec-42fe-8a99-8a81eccabdb2,tao.bz,resell,,,high,low,3,Dynadot Inc,04/07/2017 02:15,04/07/2027 02:15,26/09/2026 09:31
6e7ca569-2613-4465-a1b0-de60655009cb,gide.bz,available,21.98,26.98,high,low,4,namecheap,,,19/09/2026 04:13
481187db-3150-4314-b28c-c1167b3fc353,floppy.bz,available,21.98,26.98,high,low,6,namecheap,,,18/08/2026 08:51
77b9edc5-5144-4859-8e98-3ea1916110a4,culturally.bz,available,21.98,26.98,high,low,10,namecheap,,,14/09/2026 09:57
c720f17b-ab00-433e-a2c4-590a000c81d6,jeweled.bz,available,21.98,26.98,high,low,7,namecheap,,,18/08/2026 21:10
c39b0d43-cbe1-4a9c-9d33-1eded69a9967,bannister.bz,available,21.98,26.98,high,low,9,namecheap,,,22/09/2026 00:23
66cec467-374a-442a-9b49-72ae3b052cf8,latino.bz,available,21.98,26.98,high,low,6,namecheap,,,21/08/2026 09:46
89740e4b-68eb-4027-902f-a05353c6f9eb,bruxelles.bz,available,21.98,26.98,high,low,9,namecheap,,,23/09/2026 04:57
eacc0b4b-519b-46b4-958c-072dccc42b30,roseola.bz,available,21.98,26.98,high,medium,7,namecheap,,,09/09/2026 10:27
f413a90e-e9c2-49f1-a205-5c2c819b8722,passing.bz,available,21.98,26.98,high,low,7,namecheap,,,24/09/2026 14:24
85ce1fcd-6f0e-4923-b62c-c2b3b7a392d0,madonna.bz,available,21.98,26.98,high,low,7,namecheap,,,24/09/2026 06:06
e5a05eee-c020-4490-a579-3c2da832450d,avoid.bz,available,21.98,26.98,high,low,5,namecheap,,,13/09/2026 06:44
bb48058b-736f-4474-9788-fa44942c5f88,aconite.bz,available,21.98,26.98,medium,low,7,namecheap,,,17/09/2026 02:05
91f62334-90a2-4f39-9d71-a3e5c148455e,newsworthy.bz,available,21.98,26.98,high,low,10,namecheap,,,03/09/2026 16:53
3f337c81-cee2-4382-9ba6-fcc1720e5449,screwy.bz,available,21.98,26.98,medium,low,6,namecheap,,,10/09/2026 00:08
1581108c-a931-4eb8-b351-58b42d9b216a,carribean.bz,available,25,,high,low,9,name.com,,,
b108c471-34ed-48df-92be-91b01759a729,levantine.bz,available,21.98,26.98,high,low,9,namecheap,,,23/08/2026 00:31
c53b4d34-f55f-4a25-a6e7-680a70a56a00,sack.bz,available,21.98,26.98,high,low,4,namecheap,,,03/09/2026 15:56
8af4749c-5151-4be6-aba9-780d14e700f1,mothafucker.bz,available,25,,medium,low,11,name.com,,,
5911248a-fa4b-47b5-9ffb-85018064f00d,results.bz,available,21.98,26.98,high,low,7,namecheap,,,
a5a89f9d-e54b-4e33-860f-ce4681e46029,harmonised.bz,available,21.98,26.98,high,low,10,namecheap,,,12/08/2026 22:52
a0d0262b-3d88-4201-bd7e-c816fcf5ae2a,cheddar.bz,available,25,27.99,high,low,7,name.com,,,18/09/2026 19:29
45e77af4-ae3c-4fb8-a8aa-b48120c6fddc,whitehead.bz,available,21.98,26.98,high,low,9,namecheap,,,18/09/2026 06:40
e41d8990-59d2-466b-aecf-f2145f4f7d0f,computers.bz,resell,,,high,low,9,"Wild West Domains, LLC",27/09/2014 04:03,27/09/2027 04:03,26/09/2026 05:10
2c4b7bf7-d35d-4a2f-8691-f5a3affce56c,astrology.bz,resell,,,high,low,9,Porkbun LLC,19/04/2022 11:08,19/04/2027 11:08,26/09/2026 04:05
5c619a00-268f-4392-86b2-d3f7dcd8bec1,coldly.bz,available,25,,medium,low,6,name.com,,,
21331dc0-475a-4a7d-b46b-b3319ad0cbd5,unquiet.bz,available,21.98,26.98,medium,low,7,namecheap,,,12/09/2026 17:40
b384682b-1e7c-4aa3-9546-640ab342457c,fogbound.bz,available,21.98,26.98,medium,low,8,namecheap,,,18/08/2026 09:49
84454335-5b0a-4ef3-b9d6-163f1b88638d,realistic.bz,available,21.98,26.98,high,low,9,namecheap,,,03/09/2026 13:57
32ef6948-e828-4813-ba09-b816075c8145,zymoid.bz,available,21.98,26.98,medium,low,6,namecheap,,,13/09/2026 15:55
3f48f8ce-7972-4e6f-bc18-105ca9dcdbe1,lyrical.bz,available,21.98,26.98,high,low,7,namecheap,,,24/08/2026 12:41
cc355920-96f1-4b6a-ac68-ffd3f1cf0db9,thundery.bz,available,25,27.99,medium,low,8,name.com,,,13/08/2026 19:58
3b0a02d6-27ca-4c09-bd49-490d9216962e,epos.bz,available,21.98,26.98,high,low,4,namecheap,,,17/08/2026 10:28
5c3d2e95-6179-4aa7-a91e-e486754f145b,enormously.bz,available,21.98,26.98,high,low,10,namecheap,,,14/09/2026 15:47
4ed87ece-ce66-4a70-89e9-9e0b7dce78b5,acrophobia.bz,available,21.98,26.98,medium,low,10,namecheap,,,17/09/2026 03:53
28dae7bf-4807-4a59-9ac1-90d8452814d3,bemused.bz,available,21.98,26.98,medium,low,7,namecheap,,,07/08/2026 11:47
2b1a12a2-f5f6-4b65-853d-5067ba67401d,unimposing.bz,available,21.98,26.98,medium,low,10,namecheap,,,12/09/2026 13:12
df20b201-1c89-434c-9ff7-5b316ead6610,crinoid.bz,available,21.98,26.98,medium,low,7,namecheap,,,13/08/2026 06:58
6877c0c9-828a-42ac-957f-0303f7fadeb7,libidinous.bz,available,21.98,26.98,medium,low,10,namecheap,,,22/08/2026 20:09
213d7cfc-17f4-4924-bc04-838a1880bedb,atrocious.bz,available,21.98,26.98,medium,low,9,namecheap,,,22/09/2026 11:11
3415ec8c-349a-4b1d-8351-d64a05df21a5,antitoxin.bz,available,21.98,26.98,high,low,9,namecheap,,,19/09/2026 15:12
fe8b4018-9b3d-418d-9d33-8330c4e26bae,vulturous.bz,available,21.98,26.98,high,medium,9,namecheap,,,09/09/2026 10:25
42a3770b-2122-477b-9059-01fb63aa0df1,amalgamate.bz,available,21.98,26.98,high,low,10,namecheap,,,22/09/2026 03:01
65bcce5c-ec44-47e8-ad86-cc180102a643,entangled.bz,available,21.98,26.98,medium,low,9,namecheap,,,16/08/2026 13:26
88c5e1ab-bc2a-437c-a36e-9134c4774cd0,weismann.bz,available,21.98,26.98,medium,low,8,namecheap,,,21/09/2026 03:48
d9144998-d2e2-4a88-b348-cdd2a9c1893d,sayonara.bz,available,21.98,26.98,high,low,8,namecheap,,,17/09/2026 08:15
50963623-0518-4b68-8844-d3696db2aaff,unsung.bz,available,21.98,26.98,medium,low,6,namecheap,,,12/09/2026 20:49
4647729d-e34d-45a3-89a1-80e8ccaab9b8,geared.bz,available,21.98,26.98,high,low,6,namecheap,,,18/08/2026 20:59
d9610d7b-8be3-4c75-9680-6c712a3a98a0,extendable.bz,available,21.98,26.98,medium,low,10,namecheap,,,17/08/2026 18:59
b114a14e-4dee-40ed-8ec6-6f8abf4f8dc0,steadying.bz,available,21.98,26.98,medium,low,9,namecheap,,,10/09/2026 19:39
5a4a22ec-ca3a-4d62-9bf9-117fd090e211,greenberg.bz,available,21.98,26.98,high,low,9,namecheap,,,27/09/2026 04:16
5b9cf9f9-4755-4e5e-b32c-917f48da2193,eligible.bz,available,21.98,26.98,high,low,8,namecheap,,,16/08/2026 04:35
8ec8972d-5c81-4ff7-9ce9-5e16a4215410,default.bz,available,25,,high,low,7,name.com,,,
13b48da2-5533-49d4-bfa8-a0a82237e895,blackout.bz,available,21.98,26.98,high,low,8,namecheap,,,18/09/2026 22:20
e08b1497-6182-4ce5-b544-8c453a5221a0,rouser.bz,available,21.98,26.98,medium,low,6,namecheap,,,20/09/2026 08:33
b783cd90-5554-4d2f-bf6e-44107281f2bf,destined.bz,available,21.98,26.98,high,low,8,namecheap,,,24/09/2026 06:55
f0e62332-bb09-42c2-a4f7-2715f944ff04,january.bz,available,25,,high,low,7,name.com,,,
145b031f-0f5a-45fa-b810-ee7c72d33357,serious.bz,available,21.98,26.98,high,low,7,namecheap,,,24/09/2026 23:04
50c54395-4aeb-4b6a-88c2-e604ec900b6f,creditors.bz,available,21.98,26.98,medium,low,9,namecheap,,,20/09/2026 15:31
0b8755e3-a2ad-4ffd-aaab-aa28b6fcfd91,defiled.bz,available,21.98,26.98,medium,low,7,namecheap,,,13/08/2026 23:24
59ed238c-30a4-4704-a592-5c37442ace16,midnight.bz,available,21.98,26.98,high,medium,8,namecheap,,,25/09/2026 09:24
df71d43d-f9e7-43e4-b2d7-82b63262210b,expectancy.bz,available,21.98,26.98,high,low,10,namecheap,,,19/09/2026 14:15
158c3045-3b2e-4058-94b2-97cdd36867b1,anapurna.bz,available,21.98,26.98,medium,low,8,namecheap,,,19/09/2026 02:22
bf8f2b6d-5478-49fb-b4b8-5642abc5099e,beebread.bz,available,25,27.99,medium,low,8,name.com,,,18/09/2026 17:24
4978f547-dae9-4209-ace4-85f441dda33e,nobly.bz,available,21.98,26.98,medium,low,5,namecheap,,,15/09/2026 16:42
0175c7b9-6ef8-4d80-a980-c586b9ba6e70,terse.bz,available,21.98,26.98,medium,low,5,namecheap,,,22/08/2026 18:16
b2121b7b-9523-4364-bb50-1545c3f72171,shrimpy.bz,available,21.98,26.98,high,medium,7,namecheap,,,10/09/2026 06:56
b66b4a0d-ca5c-4850-8954-b74fb3117d90,animation.bz,available,21.98,26.98,high,low,9,namecheap,,,18/09/2026 08:09
81446f9d-f6ec-467d-973a-f1ef95dd9f1c,darn.bz,available,25,27.99,high,low,4,name.com,,,13/08/2026 16:10
601a1f4d-9e23-4288-bc4d-e69eae236046,blabber.bz,available,21.98,26.98,medium,low,7,namecheap,,,23/09/2026 11:33
9ab52033-3076-44b0-8b20-e7756a4f3a9b,snidely.bz,available,21.98,26.98,low,low,7,namecheap,,,16/09/2026 03:18
c239fc4b-f8ae-46b5-9881-b3f40f65a714,totaled.bz,available,25,,high,low,7,name.com,,,
05bafb33-906c-45f5-9b3f-546fae077e37,hospitals.bz,available,21.98,26.98,high,low,9,namecheap,,,20/09/2026 04:37
34d6ae0b-d568-4a55-ae5d-93db2116ecba,strain.bz,available,25,,medium,low,6,name.com,,,
41cb5c1a-957e-497a-ae9a-7be3f0703961,accumulate.bz,available,21.98,26.98,high,low,10,namecheap,,,12/08/2026 16:47
1722436c-4b00-496b-8153-2a8675fadd3e,television.bz,available,21.98,26.98,high,low,10,namecheap,,,25/09/2026 22:50
115a0ec3-47bc-4c54-a555-08064498cd69,teachable.bz,available,21.98,26.98,high,low,9,namecheap,,,11/09/2026 09:34
7f397021-5282-4d92-bbe0-d80dcb396103,twilight.bz,available,21.98,26.98,high,low,8,namecheap,,,11/09/2026 21:38
7470aa75-8b51-450f-bd82-e15d17fb5367,ague.bz,available,21.98,26.98,medium,low,4,namecheap,,,
dfc5c3bd-b486-4c0d-a0ed-fcaa2fcd9c31,photograph.bz,available,21.98,26.98,high,low,10,namecheap,,,26/09/2026 00:03
1c89922e-889a-4669-acc9-bb968d0470fa,cyclical.bz,available,25,27.99,high,low,8,name.com,,,13/08/2026 13:34
481f5f47-7e72-4b8f-b001-3e8335d0da1c,boiled.bz,available,21.98,26.98,high,low,6,namecheap,,,10/08/2026 17:32
f038f547-d55a-42c8-b787-d56388b738fb,granting.bz,available,25,,high,low,8,name.com,,,
d4fb8363-ada1-4f9f-b016-3869a3f55cde,valid.bz,available,25,,high,low,5,name.com,,,
2a32309b-59ef-4466-8804-62048a8c9ea4,messianic.bz,available,21.98,26.98,high,low,9,namecheap,,,24/08/2026 21:22
054959a5-7049-4c27-b8e9-184132ef0c52,tangy.bz,available,21.98,26.98,high,low,5,namecheap,,,22/08/2026 23:32
f7210014-3d66-4798-83b7-87c09c26dd97,scathing.bz,available,21.98,26.98,medium,low,8,namecheap,,,09/09/2026 22:57
d2af0e91-4dd0-41b3-8869-0e8bd10ab5a3,sepaline.bz,available,21.98,26.98,medium,low,8,namecheap,,,10/09/2026 03:55
12d9ae0d-cd85-43aa-be9d-18cb56f896c0,helicopter.bz,available,21.98,26.98,high,low,10,namecheap,,,25/09/2026 05:19
6566be10-c899-4c73-ae92-172c52ea9f69,barany.bz,available,21.98,26.98,medium,low,6,namecheap,,,22/09/2026 04:13
9b3ddcbb-2a60-4a9a-924e-b7647d2e0e9e,optionally.bz,available,25,,high,low,10,name.com,,,
e15560fd-02c9-463f-b7e1-3debfa0e37e1,force.bz,available,21.98,26.98,high,low,5,namecheap,,,24/09/2026 23:13
da00c24e-d3c4-4e39-94a0-07ed1f8b3fca,serenely.bz,available,21.98,26.98,medium,low,8,namecheap,,,16/09/2026 01:06
cb57b528-2b76-447f-9348-b8ade7a0e1bf,introduces.bz,available,21.98,26.98,medium,low,10,namecheap,,,18/09/2026 14:34
9f7c219e-0447-4515-afc8-3dd10be8a8a2,flavorous.bz,available,21.98,26.98,medium,low,9,namecheap,,,18/08/2026 07:08
33c32b83-95b3-4cca-b4e1-b6256cf6c042,grouchy.bz,available,21.98,26.98,medium,low,7,namecheap,,,08/08/2026 07:52
3cc00508-76e8-44bc-ab93-75957aedaca6,colour.bz,available,21.98,26.98,high,low,6,namecheap,,,23/09/2026 15:08
31b9bf94-36c9-4fc3-8632-d1f20b5d95ab,aphrodite.bz,available,21.98,26.98,high,low,9,namecheap,,,19/09/2026 17:15
daca29fb-e0e5-43ec-aa55-32ff2b320b40,steadied.bz,available,21.98,26.98,medium,low,8,namecheap,,,10/09/2026 19:30
4e615e93-dc74-4b0f-a5fc-a0d8349627db,strip.bz,available,21.98,26.98,high,low,5,namecheap,,,24/09/2026 05:53
e61c16b5-6543-4ba5-9c53-ec6d8713ec27,lammas.bz,available,21.98,26.98,medium,low,6,namecheap,,,21/09/2026 03:43
64653a92-9c9f-4db3-b6e5-40311b500a62,boxlike.bz,available,21.98,26.98,medium,low,7,namecheap,,,10/08/2026 23:56
84e64ac5-79af-420d-9b8b-8386ab5434a9,deeply.bz,available,21.98,26.98,medium,low,6,namecheap,,,13/08/2026 22:30
978df130-e054-4b6f-a12e-4a86eff8501a,hygienic.bz,available,21.98,26.98,high,low,8,namecheap,,,21/08/2026 16:27
7568dba9-b1ac-4e2d-a999-2c3f7735c5ce,trauma.bz,available,21.98,26.98,high,low,6,namecheap,,,25/09/2026 07:04
880622ec-518b-45f9-a52f-7e9e6bb5c2b4,themself.bz,available,25,,medium,low,8,name.com,,,
7d2b5dc3-fc2b-485b-ad1b-ef7f74eaeeea,underived.bz,available,21.98,26.98,medium,low,9,namecheap,,,12/09/2026 07:29
1043ffb0-25aa-414f-8271-624f1c541f8d,sigmoidal.bz,available,21.98,26.98,high,medium,9,namecheap,,,10/09/2026 07:59
63c4b671-f8ce-42c7-8fc1-2fdb60aab9f1,lakh.bz,available,21.98,26.98,medium,low,4,namecheap,,,21/08/2026 15:36
9c5f4d06-af9d-4d7f-831d-d848690ccf0f,fries.bz,available,21.98,26.98,high,low,5,namecheap,,,24/09/2026 14:42
32603248-8f25-45c4-8ecb-941926937174,meddling.bz,available,21.98,26.98,medium,low,8,namecheap,,,11/08/2026 11:24
1dae59a6-a6f6-4957-9f99-9f1f0af82ee0,coffin.bz,available,25,,medium,low,6,name.com,,,
6c35b6b0-4a5a-4daf-b4e3-310b93628a71,unkeyed.bz,available,21.98,26.98,low,low,7,namecheap,,,07/08/2026 13:50
cf9850eb-bbfb-4e73-986d-80184ef7bba2,heterodyne.bz,available,21.98,26.98,medium,low,10,namecheap,,,21/08/2026 07:29
879c0e30-b9ab-4962-9d13-2061ba1aefa3,peninsular.bz,available,21.98,26.98,high,low,10,namecheap,,,08/09/2026 14:28
d7180069-be0a-4363-a837-c297cf0dd43c,interbrain.bz,available,21.98,26.98,medium,low,10,namecheap,,,23/09/2026 11:55
2c03c040-bce9-4442-bd1f-a9c9e24a4b18,submissive.bz,available,21.98,26.98,medium,low,10,namecheap,,,11/09/2026 00:25
f6ff2c42-b9b0-4669-a6b7-cc77aba6e39a,emboldened.bz,available,21.98,26.98,high,low,10,namecheap,,,16/08/2026 10:22
2a00d1c4-3412-4eb3-a66a-8edcd366e4d8,ears.bz,available,21.98,26.98,medium,low,4,namecheap,,,25/09/2026 16:57
89d15d3e-813e-4380-bfb5-34fabf1c5887,projecting.bz,available,21.98,26.98,high,low,10,namecheap,,,22/08/2026 14:48
457fa513-924c-401a-99b0-d389fa317850,whim.bz,available,21.98,26.98,high,low,4,namecheap,,,24/09/2026 12:39
1170fa8a-b173-4b78-adb6-604d69a2385b,leased.bz,available,21.98,26.98,high,low,6,namecheap,,,12/08/2026 02:50
16409b80-8140-4395-a9a4-b2cd6947ad20,disarray.bz,available,21.98,26.98,medium,low,8,namecheap,,,24/09/2026 17:15
bab2074f-f3a3-4008-bd06-376d0de08c34,before.bz,available,21.98,26.98,high,low,6,namecheap,,,21/09/2026 23:34
3ad207a1-47a9-40b4-90f3-6bfdbb7af4c0,observing.bz,available,21.98,26.98,high,low,9,namecheap,,,04/09/2026 00:01
cca0fc9f-b2cc-45a9-b8f0-fbca8e64c3cb,jinx.bz,available,21.98,26.98,high,low,4,namecheap,,,21/08/2026 07:37
f1cb33a4-8799-4dce-8510-ceb0632e8033,aleve.bz,available,21.98,26.98,medium,low,5,namecheap,,,17/09/2026 15:07
34eed87a-17f3-4133-a663-81860d58ef3b,lightness.bz,available,21.98,26.98,high,low,9,namecheap,,,17/09/2026 17:53
c0fb915d-bf51-4a1e-891c-242da33b3fed,diversely.bz,available,21.98,26.98,high,low,9,namecheap,,,14/09/2026 13:25
1606a717-a726-411e-b7b2-192b123ecbbc,actresses.bz,available,21.98,26.98,medium,low,9,namecheap,,,20/09/2026 05:14
d1a02f1c-f867-4876-9bdc-55ea3e26ca1f,goosy.bz,available,21.98,26.98,medium,low,5,namecheap,,,14/08/2026 16:07
de51bddf-1d79-4969-9b8a-0fb43baa890f,glycogen.bz,available,21.98,26.98,medium,low,8,namecheap,,,19/09/2026 08:46
8097418f-0d23-46e3-abd7-df8247b49adf,dreamless.bz,available,21.98,26.98,medium,low,9,namecheap,,,14/08/2026 18:43
05066e9f-c39b-4621-8e72-f90fb4a478c0,bronze.bz,available,21.98,26.98,high,low,6,namecheap,,,23/09/2026 09:58
2e1d03a0-5c88-4715-bc50-99e33bf354c5,dubious.bz,available,21.98,26.98,high,low,7,namecheap,,,14/08/2026 16:57
1d46ffee-8d49-47f3-b9f8-a2294e35ecdc,rarer.bz,available,25,27.99,medium,low,5,name.com,,,20/09/2026 08:12
3ea103ab-df54-4d82-b374-0d312cc95f9d,aphelion.bz,available,21.98,26.98,medium,low,8,namecheap,,,19/09/2026 16:55
03f1629b-008b-4822-bf27-15244a097cde,reducible.bz,available,21.98,26.98,high,medium,9,namecheap,,,09/09/2026 12:24
9ba680ee-e0eb-454b-b7d7-463486c5baa8,hatted.bz,available,21.98,26.98,medium,low,6,namecheap,,,21/08/2026 01:22
5fdc9fc2-ec9e-401f-b3db-30f5926bd987,finespun.bz,available,21.98,26.98,medium,low,8,namecheap,,,18/08/2026 04:51
f09f1948-8ecb-441d-9afe-ce84ddd5837e,piggy.bz,available,21.98,26.98,high,low,5,namecheap,,,21/08/2026 10:19
dc03849b-040c-47d7-9e80-3ccdd8b9f8eb,banning.bz,available,21.98,26.98,medium,low,7,namecheap,,,18/08/2026 11:11
9553cdc0-eece-4b20-9572-ae31ca3a90c6,unbroken.bz,available,21.98,26.98,high,low,8,namecheap,,,22/08/2026 15:36
daa7f48b-7368-4a3b-b1c0-b4bef96d7795,bloodshot.bz,available,21.98,26.98,medium,low,9,namecheap,,,10/08/2026 15:21
79db50bf-368f-49fc-89ed-2624328dd823,absinthe.bz,resell,,,high,low,8,Key-Systems GmbH,13/11/2018 09:51,13/11/2026 09:51,26/09/2026 01:19
6e8aa808-0a29-48d0-808c-5eccdc2757e4,alcahest.bz,available,21.98,26.98,medium,low,8,namecheap,,,18/09/2026 03:43
c44f90dd-76e2-496c-bf18-a8ca1ce17cd8,polythene.bz,available,25,,medium,low,9,name.com,,,
cb9df7d9-1f12-41c9-85d5-3c0753049549,blackseed.bz,available,21.98,26.98,medium,low,9,namecheap,,,24/09/2026 03:00
2c8b850a-04e9-419a-9178-bf613bc4c113,buttoned.bz,available,21.98,26.98,medium,low,8,namecheap,,,11/08/2026 11:58
02b837c2-b37b-4513-ae1e-3c13ecdfe43b,kauri.bz,available,21.98,26.98,medium,low,5,namecheap,,,17/09/2026 16:32
1453eaac-2073-4450-bb14-4e49598fe9ac,assent.bz,available,21.98,26.98,high,low,6,namecheap,,,20/09/2026 16:09
c818051b-b702-4ace-9f6a-424195cb68ce,prisoners.bz,available,21.98,26.98,medium,low,9,namecheap,,,25/09/2026 20:27
fa156f10-f818-4fdd-8e34-621a8500db7a,attestant.bz,available,21.98,26.98,medium,low,9,namecheap,,,21/09/2026 01:36
6666f907-e175-4007-8550-b38a23001756,scant.bz,available,21.98,26.98,medium,low,5,namecheap,,,09/09/2026 22:36
4f489c4f-8f50-4092-872d-7e5901a8005d,humongous.bz,available,21.98,26.98,medium,low,9,namecheap,,,08/08/2026 12:58
66adfe24-4e81-47db-86c5-c1023cab2294,natural.bz,available,21.98,26.98,high,low,7,namecheap,,,08/09/2026 12:12
9245aa3e-7ce4-4fc1-be2f-18cd99ed7fa3,silkily.bz,available,21.98,26.98,medium,low,7,namecheap,,,16/09/2026 01:51
6bada556-45e7-4153-a533-4c1f9f34b2e2,outfitted.bz,available,21.98,26.98,high,low,9,namecheap,,,04/09/2026 19:24
dd900ded-2552-49ba-a2e1-e36027590061,sink.bz,available,25,,high,low,4,name.com,,,
1df77a2c-c3ef-440e-9f05-e209d6d65f81,grandad.bz,available,25,,high,low,7,name.com,,,
38875807-8a3a-4c4d-ad57-40178e2df397,bailment.bz,available,21.98,26.98,medium,low,8,namecheap,,,21/09/2026 19:09
4e1b25bc-e901-41c6-8ce1-1f4f94316d79,chimerical.bz,available,21.98,26.98,medium,low,10,namecheap,,,12/08/2026 05:38
8ee1da8f-cf1c-45dc-a16b-3123468f8f23,determine.bz,available,25,,high,low,9,name.com,,,
aaa42d89-d9bf-48d3-91c0-78bc6a693c95,handling.bz,available,21.98,26.98,high,low,8,namecheap,,,25/09/2026 23:04
6419dce5-c910-46a5-9703-f52963a86817,salary.bz,available,25,,high,low,6,name.com,,,
e7f938fa-75cd-462c-8a38-d4217bd423cb,chimeric.bz,available,21.98,26.98,medium,low,8,namecheap,,,12/08/2026 05:37
7fddc16c-49a3-4644-a3a2-8055bda43378,counting.bz,available,25,27.99,high,low,8,name.com,,,25/09/2026 04:26
5f8ea483-46af-4767-8e99-8f67c881b464,alyssum.bz,available,21.98,26.98,medium,low,7,namecheap,,,18/09/2026 15:23
cd10180a-6a12-4b4a-85ed-333e9e16f82b,boot.bz,available,25,,high,low,4,name.com,,,
74f819cf-7ad5-4def-a34d-287e5cdacb43,suety.bz,available,21.98,26.98,low,low,5,namecheap,,,11/09/2026 01:08
f110e551-127b-46d3-a8a8-796805a975df,tannenberg.bz,available,21.98,26.98,medium,low,10,namecheap,,,22/09/2026 16:05
0b9c7069-bc8a-4549-bb19-c06a18f54120,copperhead.bz,available,21.98,26.98,medium,low,10,namecheap,,,17/09/2026 18:16
b1e6da96-0174-4952-af61-ac8e62f8ccd7,muckle.bz,available,21.98,26.98,medium,low,6,namecheap,,,25/08/2026 00:34
abb1fca0-87a5-47c0-bf88-f695b85d366a,seconds.bz,available,21.98,26.98,high,low,7,namecheap,,,25/09/2026 18:47
862134b9-c100-429f-a7b3-a2377b7ffdf0,skull.bz,available,21.98,26.98,high,low,5,namecheap,,,26/09/2026 00:19
10e7973c-d84d-4c74-b59e-7035a158dd98,passionately.bz,available,25,,high,low,12,name.com,,,
ca7f840d-e5f7-44b1-9735-cb7a1834ce82,scribble.bz,available,21.98,26.98,high,low,8,namecheap,,,24/09/2026 11:35
149fa23a-0403-4709-823e-da44f8942362,volunteer.bz,available,21.98,26.98,high,low,9,namecheap,,,13/09/2026 07:13
4ac51244-b90f-4a0b-987f-dfa0bddf7a57,cranial.bz,available,21.98,26.98,high,low,7,namecheap,,,13/08/2026 04:49
29a8704e-8dfd-4b64-b422-e77697a8391a,conformist.bz,available,21.98,26.98,high,low,10,namecheap,,,12/08/2026 21:13
bea152a8-f8c1-420d-87a2-63124be87878,antiquated.bz,available,21.98,26.98,medium,low,10,namecheap,,,
87c00697-8483-426c-951b-e422d2d88698,airworthy.bz,available,21.98,26.98,medium,low,9,namecheap,,,
e84aa4cc-344e-4b6f-8982-61205672e819,disloyal.bz,available,21.98,26.98,medium,low,8,namecheap,,,14/08/2026 11:36
c10e2562-2a5d-4cf9-845a-ea4a735ae192,etiology.bz,available,21.98,26.98,medium,low,8,namecheap,,,17/09/2026 13:48
11f0acb4-27e1-49eb-bbed-f748f485d476,companion.bz,available,21.98,26.98,high,low,9,namecheap,,,24/09/2026 16:40
1b3f08ac-d0b1-462f-a6fa-eaac369144a2,cordless.bz,available,21.98,26.98,high,low,8,namecheap,,,13/08/2026 01:04
212a5bcd-f519-444b-9b89-a340f8ae12d0,uplifted.bz,available,21.98,26.98,high,low,8,namecheap,,,12/09/2026 23:11
0e63171a-3ce9-4dc0-aaa4-b0aac9b2078e,amanita.bz,available,21.98,26.98,medium,low,7,namecheap,,,18/09/2026 15:43
2c5c5349-ad1b-45ca-af07-44fa48f04ecd,benign.bz,available,21.98,26.98,medium,low,6,namecheap,,,09/08/2026 14:36
03576b08-6d8d-4727-8a4b-0011a1d93ca2,aristotle.bz,available,21.98,26.98,high,low,9,namecheap,,,20/09/2026 05:59
a1d4e554-378e-4cd5-99cf-8c531a5407c8,villainous.bz,available,21.98,26.98,medium,low,10,namecheap,,,03/09/2026 14:59
489d284e-e75c-4eaf-9bd1-8ff546a2962a,swash.bz,available,21.98,26.98,medium,low,5,namecheap,,,11/08/2026 01:05
cf7d989c-67a8-4523-a01f-20e715800d26,appreciate.bz,available,25,,high,low,10,name.com,,,
e306df71-33e7-47cb-8e2b-dd4783477bb3,fiscal.bz,available,21.98,26.98,high,low,6,namecheap,,,19/09/2026 10:22
7dd03b82-2e0a-456b-a635-415d704eae03,forking.bz,available,21.98,26.98,medium,low,7,namecheap,,,11/08/2026 02:19
c6838e95-574d-4c9a-9d35-dfbfd974f603,sexiness.bz,available,21.98,26.98,high,low,8,namecheap,,,18/09/2026 16:14
416bd697-df57-4c10-9ba1-b1a316121d72,applet.bz,available,21.98,26.98,high,low,6,namecheap,,,19/09/2026 21:38
d39b07b6-4f7c-4b25-9a93-3e32c795e70e,ramjet.bz,available,21.98,26.98,medium,low,6,namecheap,,,20/09/2026 20:48
79f7f7e0-661d-4a7f-92ae-6af9bd079415,sandwich.bz,available,25,,high,low,8,name.com,,,
9079c7b6-697d-46b2-8c7d-717a869a98e2,unashamed.bz,available,21.98,26.98,medium,low,9,namecheap,,,12/09/2026 01:08
1c27e8c7-19dc-45e6-bf38-698b76e4cc91,roughish.bz,available,21.98,26.98,high,medium,8,namecheap,,,09/09/2026 19:01
e571ea5d-4eb5-400e-afa6-613626bc39ef,dislocated.bz,available,21.98,26.98,medium,low,10,namecheap,,,14/08/2026 11:31
a2682380-1142-439d-aebb-df56111eb965,plausible.bz,available,21.98,26.98,high,low,9,namecheap,,,08/09/2026 20:55
9b21840f-8e0c-41ea-bd13-f15af9c7c645,spectral.bz,available,21.98,26.98,high,low,8,namecheap,,,06/08/2026 05:38
c0853906-038d-43c0-9ae1-7a6bf53760c8,sciolist.bz,available,21.98,26.98,medium,low,8,namecheap,,,14/08/2026 07:43
16a04b4f-c980-498d-af28-a8195f75dea1,aunty.bz,available,25,27.99,high,low,5,name.com,,,21/09/2026 04:13
b083c12d-5afc-4883-a470-bc6772b35a81,salivary.bz,available,21.98,26.98,high,medium,8,namecheap,,,09/09/2026 20:55
f521820c-74ab-4803-9a5f-e90e5784b7ff,braggart.bz,available,21.98,26.98,medium,low,8,namecheap,,,11/08/2026 01:16
c82f43d4-a647-4528-b876-cd77a2bcc213,pigs.bz,available,21.98,26.98,high,low,4,namecheap,,,25/09/2026 15:51
f03bc762-01dd-46f5-968d-5f560b59802a,starvation.bz,available,21.98,26.98,medium,low,10,namecheap,,,10/09/2026 19:06
48edace0-ad81-4cbb-bf22-05b349c111c4,conduction.bz,available,25,,high,low,10,name.com,,,
5183dadc-dedd-4e15-a02f-27e66d52f622,mocking.bz,available,21.98,26.98,medium,low,7,namecheap,,,14/08/2026 02:52
f4082747-eb8f-470c-aac7-d6707b60c4de,shopworn.bz,available,21.98,26.98,medium,low,8,namecheap,,,08/08/2026 11:06
86d5014d-deac-40f2-9e87-37bd85c1d99e,arms.bz,available,21.98,26.98,high,low,4,namecheap,,,20/09/2026 07:44
a5772b39-6c3f-4387-8c28-08763e7b7cb8,pro.bz,resell,,,high,medium,3,Dynadot Inc,03/04/2010 07:15,03/04/2027 07:15,26/09/2026 08:20
9ebcc334-6ad6-4586-9a1f-f525caffadd8,arizonian.bz,available,21.98,26.98,medium,low,9,namecheap,,,20/09/2026 06:06
fe6f7b19-7b15-46d6-9da2-448aa580bfe6,harnessed.bz,available,21.98,26.98,medium,low,9,namecheap,,,21/08/2026 01:05
f4a9de27-4ff7-4aca-b42b-89928122ed25,backfield.bz,available,21.98,26.98,high,low,9,namecheap,,,21/09/2026 15:27
686c11ed-7668-4bb6-aa8e-3e49bf696758,lyric.bz,available,21.98,26.98,high,low,5,namecheap,,,25/09/2026 15:47
d91631d8-5b79-41f3-8ed3-13d5df5583bf,dude.bz,available,25,27.99,high,low,4,name.com,,,13/08/2026 17:07
5e515dea-095a-47c7-b63f-4180cd895c9d,phreatic.bz,available,21.98,26.98,high,medium,8,namecheap,,,08/09/2026 19:20
8bb5e565-4850-49af-a4b9-183c59fca27c,annoy.bz,available,25,,high,low,5,name.com,,,
7a1e817e-5fc4-4327-bf2f-5b106cece9ba,current.bz,available,21.98,26.98,high,low,7,namecheap,,,13/08/2026 11:26
ff52e16e-1c85-4138-948a-d80e60787c9b,kathleen.bz,available,21.98,26.98,high,low,8,namecheap,,,25/09/2026 14:34
94c11800-513d-42fb-93d5-6ee2b12658c8,participant.bz,available,25,,high,low,11,name.com,,,
cdc446fd-52e5-4194-b720-e63968fc5fab,ludicrous.bz,available,21.98,26.98,medium,low,9,namecheap,,,14/08/2026 02:58
ccde6793-dcef-4204-bda9-ab169dedb042,autodidact.bz,available,21.98,26.98,high,low,10,namecheap,,,21/09/2026 06:15
b85f099d-05ff-410e-b301-2d36fe10c171,adiabatic.bz,available,21.98,26.98,medium,low,9,namecheap,,,
2073b529-3d66-414d-ae8d-d889237883b9,bridal.bz,available,21.98,26.98,high,low,6,namecheap,,,11/08/2026 03:53
a6a3227c-a55e-40fc-86fd-bdfd89ca8b64,stormed.bz,available,21.98,26.98,medium,low,7,namecheap,,,20/09/2026 15:47
c6ee4f33-3293-479e-8563-9c84d44e2057,indulge.bz,available,21.98,26.98,high,low,7,namecheap,,,21/09/2026 13:04
668a405e-7296-4e26-a92e-969c63af2866,catechetic.bz,available,21.98,26.98,medium,low,10,namecheap,,,11/08/2026 21:25
5ea75a19-b413-4815-ab5d-1a748524b3b8,zarqa.bz,available,21.98,26.98,high,low,5,namecheap,,,21/09/2026 10:58
796c3a13-c594-4f07-a1e1-1efa43b1d428,ted.bz,available,,,high,low,3,,,,
bfe9e9fa-11e7-412c-ba03-dc58b0c51ebe,barbuda.bz,available,21.98,26.98,high,low,7,namecheap,,,22/09/2026 05:04
b2793a0d-43f3-426b-a888-2f797fcd08e5,nosocomial.bz,available,21.98,26.98,low,low,10,namecheap,,,03/09/2026 21:56
500f1521-3669-458a-ab84-e6e77a73b818,colored.bz,available,21.98,26.98,high,low,7,namecheap,,,22/09/2026 20:23
c6645c67-3481-4cf5-8e19-b748bdf72723,propensity.bz,available,21.98,26.98,high,low,10,namecheap,,,22/08/2026 22:09
ce0c6a51-7ffc-4b10-832c-fd09b758c1eb,oracular.bz,available,21.98,26.98,medium,low,8,namecheap,,,04/09/2026 17:12
e36729cc-402b-4369-a21e-daa03bfa147b,headless.bz,available,21.98,26.98,medium,low,8,namecheap,,,11/08/2026 01:43
33942988-d462-441b-a9a3-70d96efec0b3,ungummed.bz,available,21.98,26.98,low,low,8,namecheap,,,12/09/2026 11:43
953b44b4-7b46-4edb-8708-4449621b02d1,relapsing.bz,available,21.98,26.98,medium,low,9,namecheap,,,09/09/2026 16:17
0caeb6df-243d-4ca7-93f5-2aa55e35c76c,excursion.bz,available,25,,high,low,9,name.com,,,
c4cdb77e-d35c-4476-91db-f43e33a39bc7,toll.bz,available,25,,high,medium,4,name.com,,,
71b85be4-83d6-43ba-bd3a-e93ff7895534,covenant.bz,available,25,,high,low,8,name.com,,,
8435c027-756b-4037-a5b4-9d6ca327f5bb,special.bz,available,21.98,26.98,high,low,7,namecheap,,,27/09/2026 04:52
44d127bc-f651-4693-a012-88df725a3dec,threescore.bz,available,21.98,26.98,medium,low,10,namecheap,,,
d8a30fa6-5721-43e9-a931-0812f3777694,likeness.bz,available,21.98,26.98,high,low,8,namecheap,,,18/09/2026 07:48
c0371ca6-3ad0-494a-9a27-c8e25ea68030,christie.bz,available,21.98,26.98,high,low,8,namecheap,,,17/09/2026 16:30
428d7de9-0604-4052-8c51-ba3e5f457f7b,expects.bz,available,21.98,26.98,medium,low,7,namecheap,,,20/09/2026 01:39
c680650e-025f-43ca-952f-9a34bffe23d1,fracas.bz,available,21.98,26.98,medium,low,6,namecheap,,,17/09/2026 14:44
732edf52-736b-430c-8a7d-b20265821e3e,reaches.bz,available,21.98,26.98,high,low,7,namecheap,,,18/09/2026 18:09
8f9c90d4-e861-4862-b68a-805c58fb7d95,apercu.bz,available,21.98,26.98,medium,low,6,namecheap,,,19/09/2026 16:30
6f7822ad-b6bd-4281-9d1c-4d20f8b64154,blacktop.bz,available,21.98,26.98,medium,low,8,namecheap,,,24/09/2026 03:24
cc7ef961-1b77-4b59-8491-c75172847abe,markov.bz,available,21.98,26.98,high,low,6,namecheap,,,19/09/2026 04:17
2c9fe450-21fc-477e-9977-46fcf15dae18,trivalent.bz,available,21.98,26.98,medium,low,9,namecheap,,,11/09/2026 20:13
77fb27cd-2156-48e2-a24c-f05be157a71b,entrancing.bz,available,21.98,26.98,medium,low,10,namecheap,,,09/08/2026 18:23
ee5c4710-95c3-4c43-b1a0-c0fde5681108,powered.bz,available,21.98,26.98,high,low,7,namecheap,,,27/09/2026 04:51
4d4950eb-c90d-41af-8319-53011cd176a8,spend.bz,available,25,,high,low,5,name.com,,,
549d192a-1c4c-4cad-8b9d-583aa9618347,venture.bz,available,21.98,26.98,high,low,7,namecheap,,,25/09/2026 03:21
2f528ebe-87cd-4ce0-aa77-cbd63d0941d3,undreamt.bz,available,21.98,26.98,medium,low,8,namecheap,,,12/09/2026 08:24
402fe80d-8316-4355-a7eb-2061a3f4f829,omnipotent.bz,available,21.98,26.98,high,low,10,namecheap,,,
f0ea6412-7a12-4c23-8194-36c8f8273d9f,kestrel.bz,available,21.98,26.98,high,low,7,namecheap,,,18/09/2026 20:14
388f1e82-d6f8-49d9-8b63-d4292b53b9dd,withering.bz,available,21.98,26.98,medium,low,9,namecheap,,,
38fb6037-c6f6-4e1b-8a52-a0383a440237,scrutinise.bz,available,25,27.99,high,low,10,name.com,,,21/09/2026 03:07
48aebda1-38c2-4a8a-971d-bc9fd420deb4,undoable.bz,available,21.98,26.98,medium,low,8,namecheap,,,11/09/2026 23:41
3a6db579-1e12-4ca0-b14a-613917071128,clv.bz,available,21.98,26.98,high,low,3,namecheap,,,
ba34defb-98eb-47f6-a4f1-f73302d78aa3,fetching.bz,available,21.98,26.98,high,low,8,namecheap,,,18/08/2026 02:20
f0cc823f-81c1-443b-a782-a59b02c5317b,trustful.bz,available,21.98,26.98,high,low,8,namecheap,,,11/09/2026 20:45
246eaba3-e40d-432e-8b75-d14d675442d8,somerville.bz,available,21.98,26.98,medium,low,10,namecheap,,,27/09/2026 01:44
1c44412f-b336-478e-b955-790b77dd03d3,polyatomic.bz,available,21.98,26.98,medium,low,10,namecheap,,,08/09/2026 23:10
d2340930-a265-455f-9d6c-05f8c2c5c41c,bergman.bz,available,21.98,26.98,high,low,7,namecheap,,,23/09/2026 09:21
8a160602-16ac-42bc-bc58-e0bc79d0ec1f,perfumed.bz,available,21.98,26.98,high,low,8,namecheap,,,08/09/2026 16:58
2db1a206-f49b-4da8-92c7-6bee965d0d20,clinched.bz,available,21.98,26.98,medium,low,8,namecheap,,,12/08/2026 10:46
3717410c-67e6-49c6-bdee-d4524c43ba4b,thb.bz,available,21.98,26.98,high,low,3,namecheap,,,21/09/2026 14:19
ed789496-7173-4896-a58f-9db66b746810,zovirax.bz,available,21.98,26.98,medium,low,7,namecheap,,,17/09/2026 05:42
da633036-0928-450e-8f4c-fb63f3be3ef8,lorraine.bz,available,21.98,26.98,high,low,8,namecheap,,,25/09/2026 09:09
7276bf0f-089d-44b2-ac5d-70bd7499ec74,softly.bz,available,21.98,26.98,high,low,6,namecheap,,,27/09/2026 03:45
de7335bf-648a-4fd2-a318-a6d8b7a8b10c,bike.bz,resell,,,high,low,4,Porkbun LLC,22/02/2022 01:04,22/02/2027 01:04,26/09/2026 04:25
c8c84c2d-2e06-43e6-9ef0-a0c32ab2933b,daydream.bz,available,21.98,26.98,high,low,8,namecheap,,,17/09/2026 22:00
137df730-da2e-4cbb-bc89-4af11bd395d6,raging.bz,available,21.98,26.98,high,medium,6,namecheap,,,09/09/2026 09:44
298d9db5-b529-449b-bb91-f44f61bbddbd,microwave.bz,available,25,,high,low,9,name.com,,,
7dc53111-761c-419f-942d-32cb97fa144e,whitefish.bz,available,25,,high,low,10,name.com,,,
aa2900e4-14b1-4346-99f1-6d4a2dd91940,fell.bz,available,21.98,26.98,medium,low,4,namecheap,,,08/08/2026 15:49
58d71213-fec5-4528-8999-49838dad5e33,beheading.bz,available,21.98,26.98,medium,low,9,namecheap,,,23/09/2026 03:20
6a807dfa-a7ae-4249-b1bf-51bc5380a373,andiron.bz,available,21.98,26.98,medium,low,7,namecheap,,,19/09/2026 04:06
eb5c6af6-955b-449a-82c0-0f2369eb1bda,stabilization.bz,available,21.98,26.98,medium,low,13,namecheap,,,17/09/2026 17:23
fa439fd5-bbf9-4bcc-a651-823994751f7d,dogs.bz,available,21.98,26.98,high,low,4,namecheap,,,17/09/2026 11:22
56c8d99f-5938-4627-a4ac-a5e0852ec1b3,cases.bz,available,21.98,26.98,medium,low,5,namecheap,,,17/09/2026 16:31
4d63c6c8-d48d-4698-a7df-a970f49eee1b,geometry.bz,available,25,,high,low,8,name.com,,,
f3cf616f-637f-48b3-838d-2fe3d2a40681,callous.bz,available,21.98,26.98,medium,low,7,namecheap,,,11/08/2026 14:30
0b532580-7a41-4c43-8983-f1f88e4e66a1,subjective.bz,available,21.98,26.98,high,low,10,namecheap,,,25/09/2026 07:50
9fa5dafc-53b3-41dc-91bc-17008cb4df2b,bailee.bz,available,21.98,26.98,medium,low,6,namecheap,,,21/09/2026 19:04
ceb930bb-7126-4db9-afa3-e9c204fb4e50,clipped.bz,available,21.98,26.98,high,low,7,namecheap,,,12/08/2026 11:16
b09a2ac2-f117-4e3f-ab49-cd2faa6b7c32,plain.bz,available,21.98,26.98,high,low,5,namecheap,,,22/09/2026 07:19
8aaaa826-19cf-42f2-9d48-29729ffb099e,eastside.bz,available,21.98,26.98,high,low,8,namecheap,,,14/08/2026 22:58
0c70ece3-3477-4f12-8e35-e9b2b67f5562,remindful.bz,available,21.98,26.98,medium,low,9,namecheap,,,17/08/2026 15:18
0dce6f9a-39e7-4025-8fe6-9e6a3d5cf90f,aerator.bz,available,21.98,26.98,medium,low,7,namecheap,,,17/09/2026 12:47
a1a658f8-9216-45c9-ad91-5baaad4839de,tabby.bz,available,21.98,26.98,high,low,5,namecheap,,,23/09/2026 09:31
641729c0-753d-4d8c-985d-7cef5fb010c6,textured.bz,available,21.98,26.98,medium,low,8,namecheap,,,12/08/2026 14:07
6d6e6304-0f07-4f75-b7e7-ffe844a3d4f8,becloud.bz,available,21.98,26.98,medium,low,7,namecheap,,,03/09/2026 23:53
4b8eedb9-0d30-452a-ac66-33b0af8680c4,nullified.bz,available,21.98,26.98,medium,low,9,namecheap,,,22/08/2026 08:56
b356d3e0-d85a-478d-a9b7-552a9b76ca84,thing.bz,available,25,,high,low,5,name.com,,,
4c0d47a5-1e51-4025-917c-0803cf99943f,chill.bz,available,21.98,26.98,high,low,5,namecheap,,,23/09/2026 23:04
af5ff36e-e662-4617-ad0a-3d8dc03c45ef,deuce.bz,available,21.98,26.98,high,low,5,namecheap,,,21/09/2026 12:17
3727c3a2-434f-4b9a-9bad-163911dc57c5,populace.bz,available,21.98,26.98,high,low,8,namecheap,,,09/09/2026 05:22
d05e42a8-87d0-4056-a99b-d10b28333567,stir.bz,available,21.98,26.98,high,low,4,namecheap,,,17/09/2026 09:23
4d6c85d8-1fc4-4838-8d41-5c1276fb03ac,tractable.bz,available,21.98,26.98,medium,low,9,namecheap,,,24/08/2026 15:10
ee3f0c29-7613-4011-bf2d-71b1df071eb3,stateless.bz,available,21.98,26.98,medium,low,9,namecheap,,,21/08/2026 11:01
7ae080a3-2d0d-4b70-a082-fef260959e59,grounds.bz,available,21.98,26.98,high,low,7,namecheap,,,24/09/2026 20:34
9ddcdc3e-06b2-4cf2-a47c-8b1d847ab057,sonorous.bz,available,21.98,26.98,high,low,8,namecheap,,,10/09/2026 14:13
ec1c073b-0e37-478b-bbf1-8e105f8a320a,isfahan.bz,available,21.98,26.98,high,low,7,namecheap,,,20/09/2026 14:32
9f4ccec6-69ea-452b-abf7-debc599eaf76,exalt.bz,available,21.98,26.98,high,low,5,namecheap,,,
e3b27d47-4d38-449f-8efc-8fccec9cef5a,oiled.bz,available,21.98,26.98,medium,low,5,namecheap,,,04/09/2026 01:49
2ae46fe9-f115-4d8e-89f5-e566a7c2352b,manganese.bz,available,21.98,26.98,high,low,9,namecheap,,,20/09/2026 22:40
7fdd6601-20d4-4cab-abdc-a1cddc8a54fd,filipino.bz,available,21.98,26.98,high,low,8,namecheap,,,18/08/2026 04:19
c420a958-2ebc-4d4c-bb4a-f885d20e45a9,ballyhoo.bz,available,21.98,26.98,high,low,8,namecheap,,,21/09/2026 23:32
b9958c3d-0ea4-4afd-a4e7-7db42e6b299a,phase.bz,available,25,,high,low,5,name.com,,,
9191ec3b-35b8-4656-8594-16caeef29d74,percipient.bz,available,21.98,26.98,high,low,10,namecheap,,,08/09/2026 16:17
eea0a415-4a98-4b7a-a983-5e793f886ab9,meek.bz,available,21.98,26.98,high,low,4,namecheap,,,24/08/2026 19:16
e7b6b5c6-92a5-48c6-b423-c5e2eae90831,ala.bz,resell,,,high,low,3,Hosting Concepts B.V. d/b/a Registrar.eu,15/03/2025 08:18,15/03/2027 08:18,26/09/2026 01:28
068b6723-8826-4c2a-9713-7bd4661db6b6,bambusa.bz,available,21.98,26.98,medium,low,7,namecheap,,,22/09/2026 00:41
5aab3258-f374-4533-8f4d-e7baed327ff1,patchy.bz,available,21.98,26.98,medium,low,6,namecheap,,,08/09/2026 10:20
cd86529a-b900-4be5-9520-331852822cfa,myotonic.bz,available,21.98,26.98,medium,low,8,namecheap,,,03/09/2026 12:15
44b292ba-7146-4c0c-a8a8-1a0e34c2a2aa,pertly.bz,available,21.98,26.98,medium,low,6,namecheap,,,15/09/2026 02:17
f6a88577-835d-4bc2-9b8b-eeb82af53134,comose.bz,available,21.98,26.98,low,low,6,namecheap,,,12/08/2026 18:22
1386adc2-114d-4c8d-ac4e-bb408df6cf6e,baffling.bz,available,21.98,26.98,medium,low,8,namecheap,,,08/08/2026 08:02
d33d8385-2b33-4910-b603-96e6915a51e5,protestant.bz,available,21.98,26.98,high,low,10,namecheap,,,09/09/2026 04:08
b24b66ef-ad50-4b69-90bb-3a79f4f1a997,cupboard.bz,available,21.98,26.98,high,low,8,namecheap,,,24/09/2026 15:58
c0bf0cb8-0a4f-4191-a3ce-e7f17870a8c4,recounting.bz,available,21.98,26.98,high,low,10,namecheap,,,11/09/2026 10:26
5bb9fc8d-b4f4-4aa3-98aa-061f14632a79,octagonal.bz,available,21.98,26.98,medium,low,9,namecheap,,,04/09/2026 00:37
0dea275a-836f-4a5e-bb8a-457ea0f2d7e8,maternally.bz,available,21.98,26.98,medium,low,10,namecheap,,,25/08/2026 07:10
342401b2-7594-4c6e-a8b8-f0647dfbb2dd,overhasty.bz,available,21.98,26.98,medium,low,9,namecheap,,,04/09/2026 20:44
3dcb301a-9883-405f-9f80-d9977609d497,obligate.bz,available,21.98,26.98,medium,low,8,namecheap,,,03/09/2026 23:37
432a91be-94c2-4a5c-8d84-d16b30d8f8c8,expense.bz,available,21.98,26.98,high,low,7,namecheap,,,24/09/2026 22:30
ca6810d4-38ae-49c5-a73e-9e99de36fc4a,bushy.bz,available,21.98,26.98,high,low,5,namecheap,,,11/08/2026 11:15
3f97e9ac-ed6f-41d3-9843-55d789dd7d79,callow.bz,available,21.98,26.98,high,high,6,namecheap,,,11/08/2026 14:48
ab3170d4-cbeb-4eac-ab82-01b339cdf96b,dead.bz,resell,,,high,low,4,"GoDaddy.com, LLC",20/04/2016 22:43,20/04/2027 22:43,26/09/2026 05:26
74dc8a8a-ef5a-4f83-b61a-4bba61cabf44,unreached.bz,available,21.98,26.98,medium,low,9,namecheap,,,04/09/2026 18:48
720ff3fb-7292-480a-83e2-4be216d57315,invariable.bz,available,21.98,26.98,high,low,10,namecheap,,,12/08/2026 22:58
e4d31b66-8cf4-422d-9a2f-676da1bbd966,retch.bz,available,21.98,26.98,high,medium,5,namecheap,,,10/09/2026 07:37
8d736040-384d-446e-bfa9-5a46c90f899d,nonfinite.bz,available,21.98,26.98,medium,low,10,namecheap,,,03/09/2026 18:26
05ddd473-0a02-473f-94b8-b34c272cf4f8,fulgurous.bz,available,25,27.99,medium,low,9,name.com,,,13/08/2026 19:01
1da3a71e-da1d-4c19-96f1-f54ec216fc82,tasmanian.bz,available,21.98,26.98,high,low,9,namecheap,,,11/09/2026 08:50
74e5c903-d686-4698-99d8-30a7a561e4c5,outdoorsy.bz,available,21.98,26.98,high,low,9,namecheap,,,04/09/2026 19:14
cdee4707-f408-44d3-949b-ce07e7c227ff,bankers.bz,available,21.98,26.98,medium,low,7,namecheap,,,20/09/2026 11:37
65b4d276-6e13-49d9-89e2-3e45b2ab9ccf,treason.bz,available,21.98,26.98,medium,low,7,namecheap,,,23/09/2026 11:25
916fe7f4-c414-4ba1-ac20-f2388e068325,deepening.bz,available,21.98,26.98,medium,low,9,namecheap,,,13/08/2026 23:00
d28035a4-bedd-4be5-bfd7-b0cc42ab918e,somalian.bz,available,21.98,26.98,medium,low,8,namecheap,,,10/09/2026 13:56
c7566a07-422d-43d2-96ff-d2d2fca42f79,bettor.bz,available,21.98,26.98,high,low,6,namecheap,,,23/09/2026 11:49
8fbd5c9e-815d-43af-a08a-480cc6dd33d5,applaud.bz,available,25,,high,low,7,name.com,,,
e6e7a814-c189-48ec-91b4-1fbd05572308,essayer.bz,available,21.98,26.98,medium,low,7,namecheap,,,21/09/2026 01:22
6ae3c7e3-140a-47b5-90f4-a2e54829ea2d,rollover.bz,available,21.98,26.98,high,low,9,namecheap,,,16/09/2026 17:22
b8413ed2-4760-4cdf-9512-4fca9bc40b22,assurgent.bz,available,21.98,26.98,medium,low,9,namecheap,,,07/08/2026 08:26
05893fa8-e7a2-401b-b76b-6b40681f2944,paramedic.bz,available,21.98,26.98,high,low,9,namecheap,,,08/09/2026 00:59
0fe0dc0f-9a0c-4606-9bc7-b7a32d1b358a,anagnost.bz,available,21.98,26.98,medium,low,8,namecheap,,,19/09/2026 01:26
a44a50ba-d081-4cd4-abd8-685b4b19d5b2,regions.bz,available,21.98,26.98,high,medium,7,namecheap,,,17/09/2026 14:38
9e262948-460c-4a3c-afbb-d238456cb458,atomism.bz,available,21.98,26.98,medium,low,7,namecheap,,,21/09/2026 00:24
5d6c0464-0e1c-40cc-ac39-823c98f15317,bipolar.bz,available,21.98,26.98,high,low,7,namecheap,,,10/08/2026 05:30
49c6b969-f747-4d88-b8c1-386cbb0b661f,trumpery.bz,available,21.98,26.98,medium,low,8,namecheap,,,18/08/2026 23:50
349ffd2a-1e6d-4f81-af0a-3bcf48c6edde,straying.bz,available,21.98,26.98,medium,low,8,namecheap,,,10/09/2026 22:14
edb4c7ab-ef99-4f7f-a379-72c327dce641,islamic.bz,available,21.98,26.98,high,low,7,namecheap,,,22/08/2026 10:50
a4a501c8-1763-4c65-8adf-0406713ae203,fiberoptic.bz,available,21.98,26.98,high,low,10,namecheap,,,18/08/2026 03:12
0cf8a298-5d7c-4d0f-899e-df8d0784bb3f,crappy.bz,available,21.98,26.98,medium,low,6,namecheap,,,13/08/2026 05:12
07b1ebe2-9ca0-4565-be6e-256078d137d5,biretta.bz,available,21.98,26.98,medium,low,7,namecheap,,,23/09/2026 10:06
cd7674b4-ff92-4673-bf3a-eed3e3b00d2f,notability.bz,available,21.98,26.98,high,low,10,namecheap,,,03/09/2026 22:04
c360a4d0-2a2c-49d9-bbe9-3b5e9669c715,gregg.bz,available,25,,high,low,5,name.com,,,
d6f72743-e670-4b0d-b72b-44e70e0e6af2,twiggy.bz,available,21.98,26.98,medium,low,6,namecheap,,,11/09/2026 21:34
0462cd15-0114-4b62-b69f-00c786a34c08,stripping.bz,available,21.98,26.98,medium,low,9,namecheap,,,22/09/2026 05:59
7c262c5b-7620-497b-9944-42875618e574,wintry.bz,available,21.98,26.98,medium,low,6,namecheap,,,18/08/2026 16:31
4c380f93-dc3a-4e49-a36e-fb0befd56767,incurable.bz,available,21.98,26.98,medium,low,9,namecheap,,,22/08/2026 02:06
5d08048c-d59f-4f2b-9d22-b264a74b416d,leap.bz,available,21.98,26.98,high,medium,4,namecheap,,,23/09/2026 01:39
9ef4e198-0d1e-4b7c-bc69-7914fd9d9fd0,riyadh.bz,available,25,,high,low,6,name.com,,,
b5bc4f6b-4ad5-43c6-9a10-004f0fa741fe,gossamer.bz,available,21.98,26.98,medium,low,8,namecheap,,,12/08/2026 14:32
00ef8017-1c41-4916-86db-024644e03166,untapped.bz,available,21.98,26.98,high,low,8,namecheap,,,12/09/2026 21:02
e0f7bdb4-959d-46ce-8c26-6fb150eabdd7,hears.bz,available,21.98,26.98,medium,low,5,namecheap,,,18/09/2026 07:47
ae6844d2-b03c-431d-9a33-f926fac4ef4b,fifteen.bz,available,21.98,26.98,high,low,7,namecheap,,,21/09/2026 11:44
b675082c-49d3-4423-a2ad-00d7fa1506a9,applicant.bz,available,21.98,26.98,high,low,9,namecheap,,,19/09/2026 21:53
42937b7a-1fd4-40af-8e4b-bda49373dbf0,declared.bz,available,21.98,26.98,medium,low,8,namecheap,,,13/08/2026 21:46
0bf0a910-d8c2-4a01-a7fd-3dd7039ecd55,threw.bz,available,21.98,26.98,medium,low,5,namecheap,,,27/09/2026 02:18
2b062e8a-22c4-4dbe-ab7c-26bb6b04665e,tale.bz,available,21.98,26.98,high,low,4,namecheap,,,03/09/2026 13:20
987415a9-9ee0-4df8-8130-361afb010bfe,maximally.bz,available,21.98,26.98,medium,low,9,namecheap,,,15/09/2026 13:43
fbf505a5-09c2-4fd8-8eaf-c24add0eaf9e,cigarette.bz,available,21.98,26.98,high,low,9,namecheap,,,25/09/2026 04:15
faf6b99e-f653-473a-b240-60c444dae944,emeritus.bz,available,21.98,26.98,high,low,8,namecheap,,,16/08/2026 15:05
091e2a3c-1523-400e-8dfb-fd9ee0adca6f,ambiance.bz,available,21.98,26.98,high,low,8,namecheap,,,18/09/2026 16:40
b7376d38-87dd-447a-abc8-5fa40f7c515d,cashew.bz,available,21.98,26.98,high,low,6,namecheap,,,19/09/2026 01:00
a7565de8-a40f-4ed5-80eb-31f9e00a4b12,multistory.bz,available,21.98,26.98,medium,low,10,namecheap,,,03/09/2026 10:56
624eb7bc-8a10-4157-b522-153063bb6c55,told.bz,available,25,,medium,low,4,name.com,,,
af1b7ade-5679-4d72-af92-de509284ff1f,checkup.bz,available,21.98,26.98,high,low,7,namecheap,,,24/08/2026 18:57
4737da76-dd6f-4bff-a0c4-dba71d5d384b,miniscule.bz,available,21.98,26.98,medium,low,9,namecheap,,,24/08/2026 23:55
6ea9f7fb-fc4b-436a-b6e9-0cb020b02608,supports.bz,available,21.98,26.98,high,low,8,namecheap,,,17/09/2026 06:20
f087919d-b069-4947-b829-f9231a1518f4,depressant.bz,available,21.98,26.98,medium,low,10,namecheap,,,14/08/2026 02:39
b645d9bb-87f7-487b-8903-c9d639fd64e5,interfaith.bz,available,21.98,26.98,high,low,10,namecheap,,,22/08/2026 08:02
8d163833-9a92-49b2-9a3f-b32e07f59190,dalmatian.bz,available,25,27.99,high,low,9,name.com,,,13/08/2026 16:00
a618de6e-cd67-4464-9bea-663f5bf163e4,quieted.bz,available,25,27.99,medium,low,7,name.com,,,20/09/2026 16:24
ebc931f2-2e80-4b90-bf52-e243c065b94d,clever.bz,available,21.98,26.98,high,medium,6,namecheap,,,23/09/2026 12:20
de82f482-84e3-4afe-9299-fdb88b39fb73,lunar.bz,available,25,27.99,high,medium,5,name.com,,,25/09/2026 15:39
67cea302-b5ff-49ef-ad09-27df8946c111,buxom.bz,available,21.98,26.98,medium,low,5,namecheap,,,10/08/2026 20:28
e70aa8bc-e3a9-4282-9d11-f642a3d727e8,avionic.bz,available,21.98,26.98,medium,low,7,namecheap,,,07/08/2026 23:35
619f6494-629e-4143-9db5-0663d0d3a961,spat.bz,available,21.98,26.98,high,low,4,namecheap,,,23/09/2026 13:13
06805c51-963f-4afc-b752-5898cf1c6fa3,bio.bz,available,,,high,medium,3,,,,
4f8ab059-a392-4494-baad-d33965ccab34,hexagonal.bz,available,21.98,26.98,medium,low,9,namecheap,,,21/08/2026 07:50
2d4aacaa-847c-47f9-8d93-51c4c59871d2,bodyguard.bz,available,21.98,26.98,high,low,9,namecheap,,,24/09/2026 06:33
05617a85-e6f7-4bfe-b39f-679d810a2e8f,unvoiced.bz,available,21.98,26.98,medium,low,8,namecheap,,,11/09/2026 03:39
6ec532a8-4c8c-4207-b898-9a0503c673b1,conflicts.bz,available,21.98,26.98,medium,low,9,namecheap,,,19/09/2026 21:22
d0129fbb-a701-4b41-9d1e-15c79183516b,angevine.bz,available,21.98,26.98,medium,low,8,namecheap,,,19/09/2026 06:07
9fb66c18-fb8b-44d9-922b-1cd6670a18e9,aranyaka.bz,available,21.98,26.98,medium,low,8,namecheap,,,20/09/2026 00:08
0ea63611-80f7-4e2a-af86-1c952ce78372,tolerant.bz,available,21.98,26.98,high,low,8,namecheap,,,22/08/2026 19:55
0fe195c3-7c71-44ab-bdd4-2859f3a61234,respondents.bz,available,21.98,26.98,medium,low,11,namecheap,,,25/09/2026 21:41
de0fac97-a4b2-44dd-8953-2a6cbc141421,sweetly.bz,available,21.98,26.98,high,low,7,namecheap,,,11/09/2026 05:33
01d74041-9add-4750-b891-83cec9d03987,nimbly.bz,available,21.98,26.98,medium,low,6,namecheap,,,13/09/2026 18:18
c9614b38-dd10-43ab-a9b7-3b977ccc1a1f,austral.bz,available,21.98,26.98,medium,low,7,namecheap,,,07/08/2026 18:26
7b2b5c34-b7b0-4571-9639-338e11f4490d,scentless.bz,available,21.98,26.98,medium,low,9,namecheap,,,09/09/2026 23:00
90cc2daa-1305-444a-8e73-10802d3d8554,cognisance.bz,available,21.98,26.98,high,low,10,namecheap,,,21/09/2026 09:57
b7377fd3-44bf-4557-8449-1aafb2727a94,aboard.bz,available,21.98,26.98,medium,low,6,namecheap,,,27/09/2026 02:14
ec30d5a6-f7fa-4dc3-8136-c35a6afad544,wages.bz,available,25,,high,low,5,name.com,,,
92a654f0-aa10-4029-aba6-24666a27388d,abysmal.bz,available,21.98,26.98,medium,low,7,namecheap,,,
8fa0647d-e768-45a3-ac5a-bd67d9ac7c5c,thankful.bz,available,21.98,26.98,high,low,8,namecheap,,,24/09/2026 22:54
f048461a-552f-4168-9be0-f11911cb5a55,suffered.bz,available,21.98,26.98,low,low,8,namecheap,,,27/09/2026 02:46
3a9dfb87-a5ad-4919-8107-8439d7c4345e,mad.bz,resell,,,high,medium,3,"GoDaddy.com, LLC",29/01/2016 10:56,29/01/2027 10:56,26/09/2026 07:22
73603bb2-729f-4cd8-82d8-1feb108196af,passcode.bz,available,25,,high,low,8,name.com,,,
c603f2a1-9062-4d9a-b726-df9cc94dacb3,moscow.bz,available,25,,high,low,6,name.com,,,
aefa6941-446d-4ed1-bf22-1e500396a8f8,bighearted.bz,available,21.98,26.98,high,low,10,namecheap,,,09/08/2026 20:48
6e39f3a3-6d15-45e7-8d56-581880a7e2f2,ridden.bz,available,25,,high,low,6,name.com,,,
1d825664-6c50-4707-b88b-484f38637e20,depression.bz,available,21.98,26.98,medium,low,10,namecheap,,,25/09/2026 14:31
a3196bfb-65f1-47e6-b839-69b08f8069fc,xxx.bz,resell,,,high,medium,3,"Network Solutions, LLC",30/07/2001 19:00,30/10/2027 19:00,26/09/2026 10:15
eef6ddc0-54f9-4475-8d28-4a43e3df132b,oceanic.bz,available,21.98,26.98,high,medium,7,namecheap,,,04/09/2026 00:26
263af2e9-117c-45db-a3fd-d560f911f2e9,acherontic.bz,available,21.98,26.98,medium,low,10,namecheap,,,
5b4c2760-34eb-4c19-b5d4-f6094e2e28e6,praising.bz,available,21.98,26.98,high,low,8,namecheap,,,22/08/2026 20:53
77bedce6-6181-40ec-a5d3-a9b0ee2b850a,subjects.bz,available,25,,medium,low,8,name.com,,,
13fb9051-5041-4c26-8dd0-46336abac671,metameric.bz,available,21.98,26.98,medium,low,9,namecheap,,,24/08/2026 21:39
c975570f-d93d-489c-951d-c1c843226632,bereft.bz,available,21.98,26.98,low,low,6,namecheap,,,09/08/2026 15:05
b51a3b3e-c2b3-43b4-8ec1-e2733af058e7,month.bz,available,25,,high,low,5,name.com,,,
68c9bb96-be10-48fe-b7de-99f136c4d79f,alchemist.bz,available,21.98,26.98,high,low,9,namecheap,,,18/09/2026 03:58
4acee549-ebda-4e77-b220-7ab028c34257,aborigine.bz,available,21.98,26.98,high,low,9,namecheap,,,
1a181646-b4dd-462f-840f-1b4dec867713,logy.bz,available,21.98,26.98,medium,low,4,namecheap,,,18/08/2026 09:55
8c03af03-35b1-4e38-85f8-6a131f5f3e78,district.bz,available,25,,high,low,8,name.com,,,
d4ba2de1-6359-4350-8950-cfaada7ba5da,tarragon.bz,available,21.98,26.98,high,low,8,namecheap,,,20/09/2026 10:17
48eec74b-d692-451b-bcb0-f61a67674f65,ugandan.bz,available,21.98,26.98,high,low,7,namecheap,,,11/09/2026 22:40
2fed19d4-d155-446c-bb21-70e62414b2ac,steerable.bz,available,21.98,26.98,medium,low,9,namecheap,,,14/08/2026 09:00
24ca7bf1-e505-423b-ba23-e904e36d169e,synchronic.bz,available,21.98,26.98,medium,low,10,namecheap,,,11/09/2026 06:15
e96c5397-e8d3-4269-8ef7-5fed3f92ffed,indulging.bz,available,21.98,26.98,high,low,9,namecheap,,,05/09/2026 00:26
79dc4873-f803-468a-885f-8489debc1416,indigent.bz,available,21.98,26.98,medium,low,8,namecheap,,,14/08/2026 04:34
b69a8d08-74f2-4c69-8ae8-9429d1f0ed5a,berberis.bz,available,25,27.99,high,low,8,name.com,,,23/09/2026 09:08
7a8cf4a1-942b-4405-af85-d5b8595c54d4,pudgy.bz,available,21.98,26.98,medium,low,5,namecheap,,,08/09/2026 22:24
4f9c623f-df03-4400-8e78-be6d544f513a,paraffin.bz,available,21.98,26.98,high,low,8,namecheap,,,18/09/2026 08:24
ef0d8b71-175f-497c-a73d-a412ad4dce3f,considering.bz,available,21.98,26.98,high,low,11,namecheap,,,26/09/2026 03:06
cf2354ff-86c6-490f-8224-6b0f489064c1,cruel.bz,available,21.98,26.98,high,low,5,namecheap,,,22/09/2026 17:21
a742aa44-5aea-4761-ad3b-db562a1a9699,triangle.bz,available,21.98,26.98,high,low,8,namecheap,,,25/09/2026 14:57
2cd88778-a2d5-4275-bbe8-c9da0fa0725e,accountants.bz,available,21.98,26.98,medium,low,11,namecheap,,,20/09/2026 02:26
2c645445-49a4-40a8-85ce-bbb531916335,hemal.bz,available,21.98,26.98,medium,low,5,namecheap,,,20/08/2026 21:41
8802932d-3cb0-42b1-9dc1-6d1f4e0e8181,petitioner.bz,available,21.98,26.98,medium,low,10,namecheap,,,11/09/2026 03:30
1c1ae41e-3364-47f4-be79-13347b68bc48,snowed.bz,available,25,27.99,medium,low,6,name.com,,,20/09/2026 16:23
81df9fc9-a631-48d1-9ac9-e606416da902,belgique.bz,available,21.98,26.98,high,high,8,namecheap,,,23/09/2026 05:10
58013e4c-4882-4c40-96fb-45827ef60a78,meshing.bz,available,21.98,26.98,high,low,7,namecheap,,,22/08/2026 08:10
90c9c566-0656-4859-873c-c354da284d58,ruandan.bz,available,21.98,26.98,high,medium,7,namecheap,,,09/09/2026 19:11
c0b48a16-11c5-4242-bdd4-a6afaff92c0d,diplomate.bz,available,25,,high,low,9,name.com,,,
1d033233-4d2f-489c-9221-7ff518cb983d,unusual.bz,available,25,,high,low,7,name.com,,,
3194b6fa-c77d-431e-91f6-da7f7379e5b5,arpeggio.bz,available,21.98,26.98,high,low,8,namecheap,,,20/09/2026 08:37
14d3dab0-4bc0-447d-a027-0b78203b579c,chorally.bz,available,21.98,26.98,medium,low,8,namecheap,,,14/09/2026 06:49
8de6599d-45a9-4afb-b661-1626a76daad7,democracy.bz,available,25,,high,low,9,name.com,,,
d41385af-fe86-493b-b983-c3a81224b0af,yank.bz,available,21.98,26.98,high,low,4,namecheap,,,13/09/2026 14:14
11c5a744-dd13-46d6-8a97-a8fda10c313f,saltish.bz,available,21.98,26.98,high,medium,7,namecheap,,,09/09/2026 20:57
34561431-8394-42d8-bd39-291581124dce,maintain.bz,available,25,,high,low,8,name.com,,,
8ab50b71-83fb-40ea-8495-cb3fcf5889d9,things.bz,available,,,high,low,6,,,,
76cb10fe-238f-45c3-8342-078809f09304,dissimilar.bz,available,21.98,26.98,medium,low,10,namecheap,,,14/08/2026 12:48
1d91f12b-8b7d-402a-81db-62c80719a547,oldline.bz,available,21.98,26.98,medium,low,7,namecheap,,,04/09/2026 01:51
665c5ccb-f52c-42b3-9926-5cb77670c944,semiliquid.bz,available,21.98,26.98,medium,low,10,namecheap,,,10/09/2026 03:07
51c6b02f-00a1-4a90-b599-b3e2d91b5445,messed.bz,available,21.98,26.98,medium,low,6,namecheap,,,17/09/2026 16:53
6967d7ec-1142-4d6a-bff6-b75be41b92ce,blarney.bz,available,21.98,26.98,high,medium,7,namecheap,,,12/08/2026 14:21
b7e50e01-80e0-48ba-97f8-b95653743b5c,complexly.bz,available,21.98,26.98,medium,low,9,namecheap,,,14/09/2026 07:45
a9c705e4-a93d-46ae-9f44-e01527aa13db,pudendal.bz,available,21.98,26.98,medium,low,8,namecheap,,,09/09/2026 05:28
84bff69c-1c67-46df-abe0-6efd54984e58,possibility.bz,available,21.98,26.98,high,low,11,namecheap,,,25/09/2026 16:40
b6bada92-3f5e-4bce-81c9-caa80ea28101,bilirubin.bz,available,21.98,26.98,medium,low,9,namecheap,,,23/09/2026 15:56
6fc85ea0-57f2-4ffa-baf6-20a62489010a,provider.bz,available,25,,high,low,8,name.com,,,
3e198388-8d29-429e-9d8e-b0db93fea3b0,rolled.bz,available,21.98,26.98,high,low,6,namecheap,,,18/08/2026 18:46
a8e8a2ed-18df-4ca8-b02d-3420b27ff016,allowed.bz,available,25,,high,low,7,name.com,,,
82d7db3d-703e-4b49-83c6-98679e02713b,shouldered.bz,available,21.98,26.98,high,medium,10,namecheap,,,10/09/2026 06:51
0e44e719-50d3-4786-b88b-dcdbdb91cf9a,pabulum.bz,available,21.98,26.98,medium,low,7,namecheap,,,12/08/2026 18:49
4b04b901-c215-4c8a-a745-116fc0837fa4,cent.bz,available,21.98,26.98,high,low,4,namecheap,,,08/09/2026 08:07
657fce1b-381e-4616-a2d0-a30a1a94265f,waxing.bz,available,21.98,26.98,high,low,6,namecheap,,,13/09/2026 08:44
21f8e4d1-195f-417d-a6ea-a62e5aa9bdeb,reclusive.bz,available,21.98,26.98,medium,low,9,namecheap,,,09/09/2026 11:40
da12dee2-4cb1-48ab-8f2d-457fd33e903c,shallot.bz,available,21.98,26.98,medium,low,7,namecheap,,,18/09/2026 11:16
d2099937-2ca5-48a3-b4e4-41921745e4dc,blasting.bz,available,21.98,26.98,high,low,8,namecheap,,,10/08/2026 13:10
08afa7fe-78b3-48fb-a43b-ffbe10b36d8a,hum.bz,available,25,,high,low,3,name.com,,,
505377b0-74ec-4364-be38-f3797049c9ce,volcano.bz,available,21.98,26.98,high,low,7,namecheap,,,25/09/2026 15:15
576aefd0-5628-47e6-a7e4-3fef76ff366f,plata.bz,available,21.98,26.98,high,low,5,namecheap,,,27/09/2026 02:58
0555daa0-9db1-4fc2-9934-036957f7da4c,bros.bz,available,21.98,26.98,high,low,4,namecheap,,,18/09/2026 13:28
a68c63a1-3656-429e-9bd5-554f59027a44,germans.bz,available,21.98,26.98,medium,low,7,namecheap,,,27/09/2026 03:03
300c02a0-c0b8-46da-86b7-706ac96285b3,climbing.bz,available,21.98,26.98,high,low,8,namecheap,,,24/09/2026 15:41
29e1a324-4abc-4f2f-9bee-6947c33df483,unclutter.bz,available,21.98,26.98,high,low,9,namecheap,,,12/08/2026 10:28
5dd841a9-5667-4099-a43f-e7d65aeb876f,bombast.bz,available,21.98,26.98,medium,low,7,namecheap,,,24/09/2026 03:35
7ee1798c-51f4-4489-a3a3-10ce7a709aba,sphincter.bz,available,21.98,26.98,medium,low,9,namecheap,,,19/09/2026 03:31
82beba39-183f-4fda-adb5-968da897d474,critically.bz,available,25,,medium,low,10,name.com,,,
ab129990-92b5-449f-a5df-37a5d46b96ac,springy.bz,available,21.98,26.98,high,low,7,namecheap,,,10/08/2026 21:49
296d0b71-1703-40d5-bce0-ba1f11d61145,chairperson.bz,available,25,,high,low,11,name.com,,,
c1a07aa3-6a37-4305-8c82-8a84803dc82d,camwood.bz,available,21.98,26.98,medium,low,7,namecheap,,,17/09/2026 15:22
41850640-53d0-49fb-b0fc-c6a485103210,brooklyn.bz,available,21.98,26.98,high,low,8,namecheap,,,24/09/2026 10:45
442988d2-0c14-436f-a307-d78dbabd4a0a,babbitt.bz,available,21.98,26.98,high,low,7,namecheap,,,21/09/2026 12:17
c91e0ee2-3742-4738-87a7-14af26e5d8f5,anapest.bz,available,21.98,26.98,medium,low,7,namecheap,,,19/09/2026 02:04
80d0591e-3148-4091-9a2f-ff8cf6e407ce,suppliant.bz,available,21.98,26.98,medium,low,9,namecheap,,,11/09/2026 02:30
543e10c6-a40b-4ed1-b416-13f30b555350,peppery.bz,available,21.98,26.98,medium,low,7,namecheap,,,08/09/2026 15:37
1240ad4c-1edf-4ea8-8326-2936494c711c,indexical.bz,available,21.98,26.98,medium,low,9,namecheap,,,22/08/2026 02:53
363baf8f-dd9d-43d0-8f4b-c595e7fd81dd,worsening.bz,available,25,,medium,low,9,name.com,,,
86099280-0dc6-49d2-9c1e-4d2eccaa087a,bargeman.bz,available,21.98,26.98,medium,low,8,namecheap,,,22/09/2026 05:46
3872ae3a-6e4c-47a3-a92e-d6c4838bb4ca,patronize.bz,available,21.98,26.98,high,low,9,namecheap,,,18/08/2026 15:08
8ba3cc45-8f51-410e-8e00-1dbc6c0769e6,breakfasts.bz,available,21.98,26.98,medium,low,10,namecheap,,,20/09/2026 13:21
35d1b91b-ef3c-4e3c-8dcb-f3509f56e8eb,cast.bz,available,25,,high,low,4,name.com,,,
ad2d79e5-f851-4826-b838-7a757f9c69eb,illiterate.bz,available,21.98,26.98,medium,low,10,namecheap,,,21/08/2026 20:03
cc1329b7-d453-4765-a49c-616a2bbb2f8d,montgomery.bz,available,21.98,26.98,high,low,10,namecheap,,,16/09/2026 12:22
59f33e49-22ac-4d83-b500-56af8e59ee12,abloom.bz,available,21.98,26.98,medium,low,6,namecheap,,,
47929641-9fd5-4fd6-8283-ef58a14533e8,assignable.bz,available,21.98,26.98,medium,low,10,namecheap,,,07/08/2026 06:19
c223d085-8d0e-45fb-a114-cc852e114320,qualification.bz,available,25,,high,low,13,name.com,,,
dda9105f-5c8e-4982-8d43-ff93518d530f,arbitrate.bz,available,21.98,26.98,high,low,9,namecheap,,,22/08/2026 08:17
83e676ee-5d78-4fbe-a32b-eb7a4d8c4460,crimes.bz,available,25,,high,low,6,name.com,,,
d6f0b5b7-b18d-4dbc-8325-97e24d2341b1,tattered.bz,available,21.98,26.98,high,medium,8,namecheap,,,10/09/2026 06:05
2011be54-e5c4-4dec-b528-49708f256879,crooner.bz,available,21.98,26.98,high,low,7,namecheap,,,21/09/2026 22:42
3c9f1b6b-00ed-4e5e-803f-dd1a0614ec39,nights.bz,available,21.98,26.98,high,low,6,namecheap,,,17/09/2026 22:10
d1bfec9f-3dbe-4f12-8ad7-186970c22343,thereafter.bz,available,21.98,26.98,high,low,10,namecheap,,,16/09/2026 08:38
015799b5-ef21-4ea0-9e6b-04458126442a,habitually.bz,available,21.98,26.98,medium,low,10,namecheap,,,14/09/2026 22:45
a38140aa-82f9-4ef2-95ba-084021de81ed,quarter.bz,available,25,,high,low,7,name.com,,,
c64cfe5e-3b4f-4049-b131-8d48df96b921,crack.bz,available,21.98,26.98,high,low,5,namecheap,,,
7b8dc896-f115-4607-89ad-a0b5e7abe4d2,cannes.bz,available,25,27.99,high,low,6,name.com,,,24/09/2026 12:04
81025254-60ae-413e-ade5-606c5c433462,row.bz,available,21.98,26.98,high,low,3,namecheap,,,25/09/2026 05:05
ff3e2652-a904-402e-8d8f-7bda8469711d,tamanoir.bz,available,21.98,26.98,medium,low,8,namecheap,,,19/09/2026 12:16
7c47dbfd-6b84-4e81-8eb2-6d9db17f83dc,stockings.bz,available,21.98,26.98,medium,low,9,namecheap,,,17/09/2026 08:14
2de1b35e-2f0a-4461-a80f-7ee2d91543cf,viable.bz,available,21.98,26.98,high,low,6,namecheap,,,17/08/2026 16:52
cbe2d9f6-3039-4e65-8ca5-0f24d865f36d,sorrel.bz,available,21.98,26.98,medium,low,6,namecheap,,,11/08/2026 06:31
eec1bb74-0ebf-4e97-9c3e-fcae0ba9cbf1,aerides.bz,available,25,27.99,medium,low,7,name.com,,,17/09/2026 12:51
327a932f-0e5c-4f47-9b28-8f5e088951be,lunisolar.bz,available,21.98,26.98,medium,low,9,namecheap,,,24/08/2026 11:31
e2a09a66-3e22-4a06-bb86-90ed57f04af1,syndrome.bz,available,25,,medium,low,8,name.com,,,
2807f090-6d96-4218-9ab8-a2b793b73dcb,amyloid.bz,available,21.98,26.98,medium,low,7,namecheap,,,
33ec800a-6d7d-4119-8540-66b375752b63,shore.bz,available,,,high,low,5,,,,26/09/2026 00:07
be9fb0db-9e00-4041-91bd-252968dd1ac9,touched.bz,available,21.98,26.98,high,low,7,namecheap,,,25/08/2026 09:12
1dd4fc28-5c03-4457-8e04-6b1572e32d4c,loot.bz,available,21.98,26.98,high,low,4,namecheap,,,24/09/2026 06:49
60e9e35f-e25f-443e-9f92-4ebfb9db44f6,employed.bz,available,21.98,26.98,high,low,8,namecheap,,,16/08/2026 18:24
161ade3d-d7b4-4114-9ba9-53b94ebdc150,swimsuit.bz,available,21.98,26.98,high,low,8,namecheap,,,22/09/2026 13:37
d740deeb-c236-48ac-a596-c3eb113dad8b,dictator.bz,available,21.98,26.98,high,low,8,namecheap,,,07/08/2026 19:17
6bb30be9-8226-4330-b887-a9bf05799c30,aircraft.bz,available,21.98,26.98,high,low,8,namecheap,,,17/09/2026 23:03
c308030b-277f-4c89-b7c4-4514e42c2a70,cycloidal.bz,available,25,27.99,medium,low,9,name.com,,,13/08/2026 13:40
e55d52d3-5514-4ab6-ad42-a3d6842c75e6,battery.bz,available,21.98,26.98,high,low,7,namecheap,,,20/09/2026 15:54
8a009202-0d11-4243-a164-0a4ea3f96d83,barrelfish.bz,available,21.98,26.98,medium,low,10,namecheap,,,22/09/2026 08:20
42dcf920-111a-417b-a538-2e8a31010673,sorbed.bz,available,21.98,26.98,medium,low,6,namecheap,,,10/09/2026 14:27
747bdc92-30da-4643-aa37-69c8b7ce9ff8,unmanned.bz,available,21.98,26.98,medium,low,8,namecheap,,,09/09/2026 13:50
b4252bd5-f3fe-4204-9ada-e69a2fe1cd6e,unnumbered.bz,available,21.98,26.98,high,low,10,namecheap,,,13/08/2026 03:46
421e8ca9-f2ce-438b-b2ce-27922165072a,stalked.bz,available,21.98,26.98,medium,low,7,namecheap,,,08/09/2026 13:33
d961528d-1840-4027-99e2-e3005c90a12d,haughty.bz,available,21.98,26.98,medium,low,7,namecheap,,,21/08/2026 01:24
d7392551-cf51-45be-a90d-6be33545504e,transportation.bz,available,21.98,26.98,high,low,14,namecheap,,,19/09/2026 03:16
9251358a-2da0-4946-87e3-8871e342eff3,provably.bz,available,21.98,26.98,medium,low,8,namecheap,,,14/09/2026 11:29
5c4f5623-6d79-433e-bf0d-ddb737c6de59,unrigged.bz,available,21.98,26.98,medium,low,8,namecheap,,,12/09/2026 18:28
f438b565-0eea-4eb1-8cff-fe3c8374bdbf,divided.bz,available,21.98,26.98,medium,low,7,namecheap,,,14/08/2026 13:42
867dd43b-6f37-45f2-8f2b-93dd357188ad,allusive.bz,available,21.98,26.98,high,low,8,namecheap,,,
0b658489-72e7-4811-be7c-10fa327bcca1,influent.bz,available,21.98,26.98,high,low,8,namecheap,,,22/08/2026 04:36
89dc088e-8e77-49a1-ac26-3ee3019c2cf8,latticed.bz,available,21.98,26.98,medium,low,8,namecheap,,,22/08/2026 08:06
a9ee5f76-f9a6-48c1-95d3-cf4fadaff9e9,speculate.bz,available,25,,high,low,9,name.com,,,
a4ccee1f-1d81-40f0-b35c-f7ab6170fda6,pathless.bz,available,21.98,26.98,medium,low,8,namecheap,,,08/09/2026 10:25
3c0731eb-ddd8-4df9-97de-240396a5b270,incoming.bz,available,21.98,26.98,high,low,8,namecheap,,,22/08/2026 01:44
eb70dbae-9886-4203-86e5-925dbd07c56c,transitory.bz,available,21.98,26.98,medium,low,10,namecheap,,,17/08/2026 10:19
c69b9dd9-0180-42a9-97b9-385a0ec9a215,mistakes.bz,available,25,27.99,medium,low,8,name.com,,,16/09/2026 10:20
9f38d03f-db5d-4974-9df7-5756cff059ae,chessman.bz,available,21.98,26.98,medium,low,8,namecheap,,,24/09/2026 14:20
d476ee98-8466-4cfc-bbd6-a4b96cd298e8,acrosome.bz,available,21.98,26.98,medium,low,8,namecheap,,,17/09/2026 03:58
5fafc6a6-815a-4c93-a14b-ea54a15311fa,batty.bz,available,21.98,26.98,medium,low,5,namecheap,,,06/08/2026 20:35
ff61756d-76ec-4183-9a0b-ae60368f2426,slaphappy.bz,available,21.98,26.98,medium,low,9,namecheap,,,14/08/2026 05:04
0d4a16e8-8e2d-4718-941f-e5f261dd8f03,belong.bz,available,25,,high,low,6,name.com,,,
13fc1036-fe38-41dd-a5ee-25d431993e6f,xlv.bz,available,21.98,26.98,medium,low,3,namecheap,,,
984b1cc0-0f9e-4ec9-ad74-8a00b48c0c80,raleigh.bz,available,21.98,26.98,high,low,7,namecheap,,,25/09/2026 03:57
f08929d6-cef5-4baf-b3b2-4809affc3699,stringy.bz,available,21.98,26.98,high,medium,7,namecheap,,,10/09/2026 08:17
b83bedeb-f26e-4939-8bae-a302ad729af7,bonnie.bz,available,21.98,26.98,high,low,6,namecheap,,,10/08/2026 18:47
a7be13c0-2754-46ef-8349-192f4c37ff02,creaky.bz,available,21.98,26.98,medium,low,6,namecheap,,,06/08/2026 22:59
be2b2af0-0d8c-4774-92d2-d213cae1bd76,plastered.bz,available,21.98,26.98,medium,low,9,namecheap,,,09/08/2026 15:43
d91f41a4-3f56-41c9-a81e-70eb24ffce7f,bishop.bz,available,21.98,26.98,high,low,6,namecheap,,,23/09/2026 21:47
f82a0ef0-3df6-49e5-99da-987f1df43233,substance.bz,available,21.98,26.98,high,low,9,namecheap,,,14/09/2026 23:41
07f46d4d-5240-4f0f-b819-46e14abc667d,centimeter.bz,available,21.98,26.98,high,low,10,namecheap,,,24/09/2026 13:34
ef7d16fe-38a6-4e8a-a7d4-7edc8441b72f,misses.bz,available,25,,high,low,6,name.com,,,
75c85e6b-9012-4327-95f0-b4b53080ef8d,viscous.bz,available,21.98,26.98,high,low,7,namecheap,,,20/08/2026 15:25
d6462cd4-07d1-4275-80f9-abd55b55e990,refuse.bz,available,21.98,26.98,medium,low,6,namecheap,,,27/09/2026 02:42
96ddc56d-4c2b-48ad-b907-03fb98a7d5b7,prototypal.bz,available,21.98,26.98,medium,low,10,namecheap,,,06/08/2026 15:37
bbc99ff3-b29a-495f-88e8-6fdd1f794510,leonine.bz,available,21.98,26.98,high,low,7,namecheap,,,22/08/2026 23:57
1405001a-7b16-4b0e-9fbc-fadc8be9b678,anaemia.bz,available,25,,medium,low,7,name.com,,,
d2a67363-6121-4890-b947-bdf900db3871,slowed.bz,available,21.98,26.98,medium,low,6,namecheap,,,20/09/2026 15:42
c6d3d967-f53a-46de-8781-6cd3313fd25e,semiformal.bz,available,21.98,26.98,high,low,10,namecheap,,,10/08/2026 11:42
43cdb19a-6be8-4ab2-8670-d22a85fe735e,frisian.bz,available,21.98,26.98,high,low,7,namecheap,,,18/08/2026 15:59
a6486297-14ec-4556-a03b-207dad216eea,agrippina.bz,available,21.98,26.98,medium,low,9,namecheap,,,17/09/2026 19:33
ba0883d3-ccd9-4dff-b2c9-d83700aec059,opposing.bz,available,21.98,26.98,high,low,8,namecheap,,,04/09/2026 16:38
89587e88-3a3f-4d29-acce-82c9ca2bb15a,topic.bz,available,25,,high,low,5,name.com,,,
2baebada-3b43-41cb-b7a4-17b0b9b59d8b,indignant.bz,available,21.98,26.98,medium,low,9,namecheap,,,22/08/2026 00:59
4c269579-4b2a-4aba-b204-131ba00a690e,drum.bz,available,21.98,26.98,high,low,4,namecheap,,,10/08/2026 18:17
3b490702-a584-42e9-a343-efa1152e055f,touchy.bz,available,21.98,26.98,medium,low,6,namecheap,,,21/08/2026 14:42
af6807de-1967-45e2-8cf1-9c68a53fe63e,lamenting.bz,available,21.98,26.98,medium,low,9,namecheap,,,22/08/2026 19:02
50a8a8d0-e7d6-4046-8f84-5017e4ca905c,jessie.bz,available,21.98,26.98,high,low,6,namecheap,,,25/09/2026 11:53
6517a126-9d4b-4989-86be-56a3bd2d18f2,slacking.bz,available,25,,medium,low,8,name.com,,,
df1d2a4f-ba71-4eb0-9462-6f46fd91b54f,dslr.bz,available,25,,high,low,4,name.com,,,
e0418b61-dcac-40e5-a58c-0332a164e32f,belated.bz,available,21.98,26.98,medium,low,7,namecheap,,,09/08/2026 12:37
67e407c3-9781-42c9-9400-13afd5f0525a,lebanese.bz,available,21.98,26.98,high,low,8,namecheap,,,22/08/2026 22:15
a6898b40-68a1-4c74-b602-76693380a52f,tearing.bz,available,21.98,26.98,high,low,7,namecheap,,,11/09/2026 09:42
88e86099-6d68-4fb2-9992-7bb0ae14393c,slenderize.bz,available,21.98,26.98,medium,low,10,namecheap,,,10/09/2026 10:53
fbd6dd04-648f-4350-9cda-8205acf2a2ed,cacophony.bz,available,21.98,26.98,medium,low,9,namecheap,,,10/08/2026 13:13
5f80bfb6-4ef7-4366-97a2-a9cd600dccee,adoptee.bz,available,21.98,26.98,high,low,7,namecheap,,,17/09/2026 09:39
8c484c34-7a31-4e77-9ae9-01cca229eb30,bobcat.bz,available,21.98,26.98,high,medium,6,namecheap,,,22/09/2026 17:27
a06881b7-0f01-4743-b8cb-d85d7567f801,footer.bz,available,21.98,26.98,high,low,6,namecheap,,,08/09/2026 12:38
bc73d161-0484-4fa3-a1b3-6c3753576596,resinous.bz,available,21.98,26.98,medium,low,8,namecheap,,,09/09/2026 15:13
f044a859-2069-4b91-9b05-5ff37dbf11cb,alters.bz,available,21.98,26.98,medium,low,6,namecheap,,,20/09/2026 13:23
19bb6466-14b3-4e75-b7e4-321d658b8e45,ushers.bz,available,25,27.99,medium,low,6,name.com,,,20/09/2026 19:46
62296c5e-df53-4281-bada-6041b5394876,behaviours.bz,available,21.98,26.98,medium,low,10,namecheap,,,20/09/2026 22:06
0b14a5f6-7ac1-4adc-b6cb-50e15b199ea3,motorsport.bz,available,21.98,26.98,high,low,10,namecheap,,,17/09/2026 06:38
c36e025f-90f1-415a-9fb3-eec82c530f9a,caper.bz,available,21.98,26.98,high,low,5,namecheap,,,22/09/2026 06:32
6f8b95b0-ab70-4d8c-91e0-c228b77ada13,starting.bz,available,25,,high,low,8,name.com,,,
6c245242-93a8-477d-94d3-9e6edb6f9f32,suspected.bz,available,21.98,26.98,medium,low,9,namecheap,,,11/09/2026 04:53
64ed27b6-8c2a-41df-8988-dd84c3c0ef3f,career.bz,resell,,,high,low,6,Porkbun LLC,13/04/2017 18:36,13/04/2027 18:36,26/09/2026 04:46
b4ce3331-2c6c-4039-80ea-b7e8e060f1c2,plaudit.bz,available,21.98,26.98,high,low,7,namecheap,,,16/09/2026 22:36
75996e96-d178-4f44-b480-f894bcc523f5,adelie.bz,available,21.98,26.98,medium,low,6,namecheap,,,17/09/2026 07:17
fc6f7d04-57e0-4c6f-8943-86f2eede6cfe,grotty.bz,available,21.98,26.98,medium,low,6,namecheap,,,20/08/2026 20:20
7e1cb0f5-4f0a-45a7-942c-57fb8042afab,anarchy.bz,available,21.98,26.98,high,low,7,namecheap,,,19/09/2026 02:28
9fa55440-57b4-4596-a4eb-f8884d8da481,bentwood.bz,available,21.98,26.98,medium,low,8,namecheap,,,23/09/2026 08:47
15227957-5c1e-453f-9a8e-6c8d70673340,inglorious.bz,available,21.98,26.98,medium,low,10,namecheap,,,21/08/2026 18:25
a69af5d5-3816-4cde-b800-08c3702e021f,bergenia.bz,available,21.98,26.98,medium,low,8,namecheap,,,23/09/2026 09:20
428a1817-8367-4f7b-a1ab-b0c79a7e44d9,polynomial.bz,available,21.98,26.98,high,low,10,namecheap,,,03/09/2026 10:48
79b72a0d-79f4-4707-9a92-d49f53280964,validating.bz,available,21.98,26.98,high,low,10,namecheap,,,12/08/2026 20:53
b7494578-e7ff-4b5c-9fb5-8b68c115c2fc,derek.bz,available,21.98,26.98,high,low,5,namecheap,,,25/09/2026 14:10
9156c459-1499-4028-b51c-0bebc43a2260,bedroll.bz,available,21.98,26.98,high,low,7,namecheap,,,22/09/2026 23:33
a47715f1-8fa4-4c6d-a374-8921403ae113,jonson.bz,available,25,27.99,high,low,6,name.com,,,23/09/2026 07:26
8e9074f9-ca0a-4cbb-818e-80b31dbd5cd1,low.bz,available,21.98,26.98,high,low,3,namecheap,,,21/09/2026 13:54
24de9d90-ad4e-40fc-b680-dafdafab535f,walks.bz,available,21.98,26.98,medium,low,5,namecheap,,,25/09/2026 16:37
03807b6e-41a8-48ec-bdad-306963b0d834,algae.bz,available,21.98,26.98,high,low,5,namecheap,,,18/09/2026 06:48
b816a706-fcaa-4740-9028-c337caf785f6,briary.bz,available,21.98,26.98,medium,low,6,namecheap,,,08/08/2026 17:02
fc3ea46a-0c96-4031-9a6b-ff8d6d7483ec,specializing.bz,available,21.98,26.98,medium,low,12,namecheap,,,20/09/2026 06:01
956f7886-16db-4806-bf2c-32653eb4e693,affixed.bz,available,21.98,26.98,high,low,7,namecheap,,,
48d57a4b-f697-4743-8c3e-c914239173ba,several.bz,available,25,,high,low,7,name.com,,,
98771195-36e4-4cb1-a2a3-6fc23292ba2b,prohibited.bz,available,21.98,26.98,medium,low,10,namecheap,,,08/08/2026 13:48
26c53ff9-db87-4c3c-9805-cf582a237118,artwork.bz,available,25,,high,low,7,name.com,,,
cf5ab53c-3d71-440d-a4b6-f9c8eb325af4,thrilling.bz,available,21.98,26.98,high,low,9,namecheap,,,16/08/2026 02:41
fc3dcc65-93c8-47db-b6a0-41f1ec16edf3,iaa.bz,available,21.98,26.98,medium,low,3,namecheap,,,17/09/2026 07:22
40cb3c99-9765-4a1d-9c34-811de01df40d,katabatic.bz,available,21.98,26.98,high,low,9,namecheap,,,11/08/2026 20:41
8bcbaf1f-a467-45af-9c53-6f8006880554,lxv.bz,available,21.98,26.98,medium,low,3,namecheap,,,
3d9f22a6-7d3a-4231-bd41-be50bf44baa1,alcibiades.bz,available,21.98,26.98,medium,low,10,namecheap,,,18/09/2026 04:00
37ad8416-f7fd-462a-a70a-9ceec6b80a5c,european.bz,available,21.98,26.98,high,low,8,namecheap,,,24/09/2026 15:26
9815b6ac-60b3-4170-a08a-bbe058a6323c,coworker.bz,available,21.98,26.98,high,low,9,namecheap,,,24/09/2026 16:09
5d171efd-b618-460d-9855-91e0f0a72b13,revealing.bz,available,25,,high,low,9,name.com,,,
4a91e97d-a467-49a6-97cd-c2e636b9405c,merchants.bz,available,21.98,26.98,high,low,9,namecheap,,,18/09/2026 04:36
83ec1643-7672-4ae5-8b5f-e076daa26c08,agronomy.bz,available,21.98,26.98,medium,low,8,namecheap,,,17/09/2026 19:42
65cc094f-1e9a-4d31-a12e-9154d2e64ad2,entire.bz,available,21.98,26.98,high,low,6,namecheap,,,17/08/2026 09:57
cb7b2593-dc93-4d60-ada0-c1dd22c3d951,reportedly.bz,available,21.98,26.98,medium,low,10,namecheap,,,15/09/2026 23:15
47701aaf-b3d2-4de0-a788-353950350de0,thornless.bz,available,21.98,26.98,medium,low,9,namecheap,,,11/09/2026 14:08
720eea9b-3294-4e5e-bebd-dd8cab5ddafc,autopsy.bz,available,21.98,26.98,high,low,7,namecheap,,,21/09/2026 07:38
c1e1f77d-816b-42dc-ae38-8fd5b1a4eae0,anthurium.bz,available,21.98,26.98,high,low,9,namecheap,,,19/09/2026 13:58
68253964-e86d-40bb-8b14-9a24e82e36af,vivacious.bz,available,21.98,26.98,high,low,9,namecheap,,,13/09/2026 05:07
91954f7f-c41d-4928-b800-7a508294cdef,palau.bz,available,25,27.99,high,high,5,name.com,,,23/09/2026 04:33
4cfb58cf-415c-46d2-ad1a-4e3d41772406,nonverbal.bz,available,21.98,26.98,medium,low,9,namecheap,,,03/09/2026 21:00
8093e9ea-7a2c-42e0-bd4d-13d1fbe0efe1,unexciting.bz,available,21.98,26.98,medium,low,10,namecheap,,,12/09/2026 09:32
1c7aa97d-e16a-4748-96c1-813ebdfefdca,vales.bz,available,21.98,26.98,medium,low,5,namecheap,,,21/09/2026 02:12
a4d8bb9a-1873-4eb2-9829-1dbf0037cc21,feature.bz,available,21.98,26.98,high,low,7,namecheap,,,23/09/2026 13:48
b5ae71ab-9de4-41ac-b2e4-efbd5cb4ae02,aphakia.bz,available,21.98,26.98,medium,low,7,namecheap,,,19/09/2026 16:51
2c113648-82b6-4491-b234-a89836a259d9,scam.bz,available,21.98,26.98,high,low,4,namecheap,,,14/09/2026 08:03
4e07d3cd-7948-43bc-b821-32392ee5cf50,katharsis.bz,available,25,27.99,medium,low,9,name.com,,,16/09/2026 17:05
21fa752e-9679-4f42-836a-af9b2ba53f7f,blankness.bz,available,21.98,26.98,medium,low,9,namecheap,,,24/09/2026 04:02
f41e920c-ce18-4046-8074-a0015e302e16,sidewalks.bz,available,21.98,26.98,medium,low,9,namecheap,,,21/09/2026 06:21
a01a0c7a-c897-4cc6-9c20-487299cccccc,carmen.bz,available,21.98,26.98,high,low,6,namecheap,,,27/09/2026 01:37
b31ec98c-b543-43c9-b2a0-6816b4d52c4f,bethe.bz,available,21.98,26.98,high,low,5,namecheap,,,23/09/2026 11:12
0a329e41-d54d-4be3-b8db-a5d1b31722f6,coeval.bz,available,21.98,26.98,medium,low,6,namecheap,,,12/08/2026 15:28
9629bf09-5af2-48bd-80bf-575b57925715,cymry.bz,available,21.98,26.98,medium,low,5,namecheap,,,13/09/2026 10:45
429eec7f-6090-4519-bf87-c328572f936a,sikh.bz,available,21.98,26.98,high,medium,4,namecheap,,,10/09/2026 08:04
95a92142-1c02-483d-92d7-a2c5b25510ff,rear.bz,available,21.98,26.98,high,low,4,namecheap,,,22/09/2026 19:06
ee9f79c2-1ae8-4f4b-a55e-2a79f76f3dc2,nobleman.bz,available,21.98,26.98,high,low,8,namecheap,,,03/09/2026 18:00
c56b99ef-599a-4a61-b852-e6ba991e3191,jay.bz,resell,,,high,low,3,"OnlineNIC, Inc.",27/12/2007 07:26,27/12/2026 07:26,26/09/2026 06:59
f9f0da95-d46d-4dcd-8cf8-02db5d73e819,amphibia.bz,available,21.98,26.98,high,low,8,namecheap,,,18/09/2026 23:11
a7f10c48-0d5b-469d-8586-ea9d76d8e08c,dearie.bz,available,25,27.99,high,low,6,name.com,,,13/08/2026 18:19
fe7f4673-9a62-45cf-bb23-b194f05dcadc,snug.bz,available,21.98,26.98,high,low,4,namecheap,,,12/08/2026 12:11
98a8c05e-d781-45d9-a95c-103645220c55,kenalog.bz,available,21.98,26.98,medium,low,7,namecheap,,,20/09/2026 05:49
bb446ca7-a2ea-475b-86d2-2440f4a818a1,acronymous.bz,available,21.98,26.98,medium,low,10,namecheap,,,
a3d39653-0411-4b4b-9b87-6d43c1e25b98,begum.bz,available,21.98,26.98,medium,low,5,namecheap,,,23/09/2026 03:01
770911cc-9083-487f-bd15-3f5b0fe00c5c,gluey.bz,available,21.98,26.98,medium,low,5,namecheap,,,20/08/2026 15:16
5d6e05bf-b20a-40ab-ad46-b7ca8f6648b5,guts.bz,available,25,,high,low,4,name.com,,,
20fd7d58-d0f4-4e83-a854-106cbbadd32c,vertebral.bz,available,21.98,26.98,medium,low,9,namecheap,,,13/09/2026 04:33
fe1e0fe8-1ff1-456a-9346-e8e063caa628,debasement.bz,available,21.98,26.98,medium,low,10,namecheap,,,17/09/2026 10:16
a58b1b81-90f5-44ec-8cfc-98efbd110ddf,injury.bz,available,21.98,26.98,high,low,6,namecheap,,,25/09/2026 06:58
0b8a4804-3808-42aa-939e-0e4b48746c5a,dickey.bz,available,21.98,26.98,medium,low,6,namecheap,,,14/08/2026 06:29
6683155c-6b9e-4b54-8774-82945312cab9,redemptory.bz,available,21.98,26.98,high,medium,10,namecheap,,,09/09/2026 12:20
675724f4-0fe5-4d2f-9502-9ee91294e892,reputedly.bz,available,21.98,26.98,medium,low,9,namecheap,,,15/09/2026 23:20
de2119fa-c711-4e6c-8535-f6fa7fbd70fc,seriatim.bz,available,21.98,26.98,medium,low,8,namecheap,,,16/09/2026 01:10
449d2937-632c-4ec3-8590-e11a57e94bba,mahoe.bz,available,21.98,26.98,high,low,5,namecheap,,,21/09/2026 21:57
4939c905-09dc-4a79-b00c-d8ef987da48b,abutilon.bz,available,21.98,26.98,medium,low,8,namecheap,,,16/09/2026 19:21
64388548-f853-4677-9933-6a93c238047f,regulatory.bz,available,21.98,26.98,high,low,10,namecheap,,,09/09/2026 13:17
6550e615-669d-4f41-85cb-8a00ba1fb2ca,ribbing.bz,available,21.98,26.98,medium,low,7,namecheap,,,11/09/2026 10:01
51b7d992-f673-4127-91fa-5f375c7fe366,backpacker.bz,available,21.98,26.98,high,low,10,namecheap,,,21/09/2026 15:44
2f6c11ab-56f7-48f7-bde3-66bc90c105b7,faecal.bz,available,21.98,26.98,medium,low,6,namecheap,,,17/08/2026 20:36
e6607b8d-8926-4c16-8ea1-b9a6b94113a0,annelid.bz,available,21.98,26.98,medium,low,7,namecheap,,,
9136741c-462d-452a-b20e-7ea229a808fe,measles.bz,available,25,,medium,low,7,name.com,,,
c7db0720-2ecd-454a-8923-7ccb47ca6c52,thereabout.bz,available,21.98,26.98,medium,low,10,namecheap,,,16/09/2026 08:39
b8f9251f-86d5-4a14-9196-3c5230198c83,knot.bz,available,25,,high,low,4,name.com,,,
0d4366db-ef06-4149-a367-d8186185585d,yemeni.bz,available,21.98,26.98,high,low,6,namecheap,,,13/09/2026 14:34
e367dbf4-ab3d-4ca5-9620-bd5fe2ddddb8,codes.bz,available,25,,high,low,5,name.com,,,
b43b6ad1-e3bc-4907-95a1-1cfa1479990f,unabated.bz,available,21.98,26.98,medium,low,8,namecheap,,,11/09/2026 23:24
5e3414fb-03fa-4567-a147-1269093b1d4a,contested.bz,available,21.98,26.98,high,low,9,namecheap,,,23/09/2026 22:01
93f7c5aa-fa70-4ce6-a8a0-7580477878a9,flattering.bz,available,21.98,26.98,high,low,10,namecheap,,,18/08/2026 06:57
092fb9df-6ff5-416b-9502-cbbe2319947f,screwdrivers.bz,available,21.98,26.98,medium,low,12,namecheap,,,20/09/2026 04:52
8ce7ac29-b1af-4eb3-a7b2-35f27b742ab8,eighth.bz,available,21.98,26.98,high,low,6,namecheap,,,
3d789a34-5202-4e67-944e-9fc969f6c421,diffident.bz,available,21.98,26.98,medium,low,9,namecheap,,,14/08/2026 07:01
78bb5fbf-0927-46b9-b7ca-f5a3ae7c106a,anser.bz,available,21.98,26.98,medium,low,5,namecheap,,,19/09/2026 12:03
8c5133c0-b0d4-4b08-b901-e7e68f5412a9,refractive.bz,available,21.98,26.98,medium,low,10,namecheap,,,13/08/2026 23:32
5fa18b78-c08d-4452-9ba3-db1b692a26ef,shorn.bz,available,21.98,26.98,high,medium,5,namecheap,,,10/09/2026 06:11
a7b6c6e7-6b3f-482c-a9dc-43f26a7f4d03,persistence.bz,available,25,,high,low,11,name.com,,,
672fdb0f-a2e4-4ac5-9931-8b7c6e554342,pompous.bz,available,21.98,26.98,medium,low,7,namecheap,,,12/08/2026 00:37
b67adab6-773c-4fe1-acc5-5fc452b5e624,sprayer.bz,available,21.98,26.98,high,low,7,namecheap,,,21/09/2026 00:21
8b5164bc-35c1-4b46-a5ee-10ede65547d2,gathering.bz,available,21.98,26.98,high,low,9,namecheap,,,20/09/2026 16:00
945b5d78-c632-4a60-b590-dd7cff55ef71,participants.bz,available,21.98,26.98,medium,low,12,namecheap,,,18/09/2026 04:57
8047891d-5ba0-4801-bd39-63f8f63acf18,streaky.bz,available,21.98,26.98,medium,low,7,namecheap,,,10/09/2026 22:22
0613a2d1-a0e8-44e5-b1ae-2445c3bc4f24,modal.bz,available,21.98,26.98,high,low,5,namecheap,,,25/09/2026 21:10
f3a75f80-1662-4a1b-b53e-7b8a4ee0bf93,separable.bz,available,21.98,26.98,medium,low,9,namecheap,,,14/08/2026 12:50
eec4d9ba-8ac5-4a1e-9b61-75385cd439df,backwash.bz,available,21.98,26.98,medium,low,8,namecheap,,,17/09/2026 15:44
a513b18b-54a9-4f4d-822b-c39c41881f36,vulgar.bz,available,21.98,26.98,high,low,6,namecheap,,,14/08/2026 22:44
3cd41b03-4043-4d83-bb57-1335ed2ddc63,uncapped.bz,available,21.98,26.98,medium,low,8,namecheap,,,12/09/2026 04:44
c8ec2f06-21fe-44ea-a0d4-6d59170c51e6,retained.bz,available,25,,high,low,8,name.com,,,
7b25f08a-63cc-4f66-9194-e23dfc8ed798,unclogged.bz,available,21.98,26.98,medium,low,9,namecheap,,,12/09/2026 05:28
f6122aa8-0cc2-44f0-b121-7cc69133c640,aerology.bz,available,21.98,26.98,medium,low,8,namecheap,,,17/09/2026 13:08
2535ffea-8203-40c7-9f1f-92a314b6e8b0,cordial.bz,available,21.98,26.98,high,low,7,namecheap,,,21/09/2026 21:39
c7dfa345-08bc-4c51-94e1-4f0c079aee0b,agnatha.bz,available,21.98,26.98,medium,low,7,namecheap,,,17/09/2026 18:31
f7336d6f-735b-40a9-8735-713a6c14747b,joyous.bz,available,21.98,26.98,high,low,6,namecheap,,,22/08/2026 14:06
81d4374b-41b0-47a0-a530-023a057140d0,flecked.bz,available,21.98,26.98,medium,low,7,namecheap,,,14/08/2026 16:30
99306b0e-3293-4311-be56-f0a71201700e,voiceless.bz,available,21.98,26.98,medium,low,9,namecheap,,,05/08/2026 23:23
a2836716-81c2-45b5-a9f1-d1bd365e9de5,eventful.bz,available,21.98,26.98,high,low,8,namecheap,,,12/08/2026 22:36
6a13b7f5-b7a2-4c6c-8d71-0478087757fb,bonkers.bz,available,21.98,26.98,medium,low,7,namecheap,,,06/08/2026 20:40
0f43f926-1b4a-4a9a-a198-805a6a878579,utopian.bz,available,21.98,26.98,high,low,7,namecheap,,,13/09/2026 00:12
e0d27713-3dd3-46af-a52b-b3c155572b94,reconciled.bz,available,21.98,26.98,high,low,10,namecheap,,,09/09/2026 11:49
435be9f3-2687-4a74-8803-76051d65593c,mythical.bz,available,21.98,26.98,high,low,8,namecheap,,,03/09/2026 12:31
fcb06b94-c5a6-4f9d-aae2-f67a7821bcc5,abstractor.bz,available,21.98,26.98,medium,low,10,namecheap,,,16/09/2026 18:29
47fe6ff6-a439-45ca-ad03-423575d367a2,walk.bz,available,21.98,26.98,high,low,4,namecheap,,,27/09/2026 02:47
006359cc-9e96-41bf-bab8-e842e3979df6,dominoes.bz,available,21.98,26.98,high,low,8,namecheap,,,24/09/2026 23:28
40c04e4f-5741-4ee3-8e1d-01181c61f90e,auvergne.bz,available,21.98,26.98,high,low,8,namecheap,,,21/09/2026 08:32
2d6de6f1-6c3b-400e-8d92-f429ea17aa83,checkroom.bz,available,21.98,26.98,medium,low,9,namecheap,,,24/09/2026 14:04
a5dbfead-2f0c-4151-a1b5-1cbd00bf5b2f,aluminate.bz,available,21.98,26.98,medium,low,9,namecheap,,,18/09/2026 15:13
10ae40e5-a526-43d0-9b2e-b7fa90e7a063,humanities.bz,available,25,,high,low,10,name.com,,,
878de451-efd5-4bf7-b67d-39975ca0f04c,ravaging.bz,available,21.98,26.98,high,medium,8,namecheap,,,09/09/2026 10:39
fcc32f3c-e20d-4ee3-8688-58941f4cb8de,begging.bz,available,21.98,26.98,high,low,7,namecheap,,,23/09/2026 02:16
8a0515b6-8b43-4c17-a83b-4ff7b097633e,libertine.bz,available,25,27.99,medium,low,9,name.com,,,13/08/2026 20:22
15359be7-493b-4686-8955-6afc1071c0ad,balanitis.bz,available,21.98,26.98,medium,low,9,namecheap,,,21/09/2026 21:01
8cb93bdd-260e-4487-b2b9-33d52fec98fb,trivially.bz,available,21.98,26.98,low,low,9,namecheap,,,16/09/2026 09:31
af46d4b5-6dfc-4fce-bc60-f4a2abb2b6b6,geniculate.bz,available,21.98,26.98,medium,low,10,namecheap,,,18/08/2026 21:38
902769f5-8b92-4542-90ce-1584f20ddf24,conjointly.bz,available,21.98,26.98,medium,low,10,namecheap,,,14/09/2026 07:27
9820c804-e5d2-4b66-95b3-c64e1337f114,pointy.bz,available,25,,high,low,6,name.com,,,
b761247e-b1b2-40d2-9ff4-89ea2c8a25da,audio.bz,resell,,,high,low,5,Mesh Digital Limited,22/11/2011 00:50,22/11/2026 00:50,26/09/2026 04:08
bfd3e92f-9561-43df-99ee-0d49b6458d49,tanned.bz,available,21.98,26.98,high,low,6,namecheap,,,11/08/2026 05:50
970a626d-81e2-41ad-93a5-f6d346b35058,magnate.bz,available,21.98,26.98,high,low,7,namecheap,,,23/09/2026 14:16
b5af0ae2-3b02-4c01-ae53-6fd74da5859a,knife.bz,available,21.98,26.98,high,low,5,namecheap,,,25/09/2026 23:24
d96e8544-e348-417a-ba0e-931094822cb5,banns.bz,available,21.98,26.98,medium,low,5,namecheap,,,22/09/2026 02:56
98a863fb-a4fc-42e1-b4db-e77f3d83a45f,ledger.bz,resell,,,high,medium,6,"GoDaddy.com, LLC",28/07/2022 01:08,28/07/2027 01:08,26/09/2026 07:11
5bcc8995-37cd-483b-a373-03a1af565bc9,bony.bz,available,21.98,26.98,medium,low,4,namecheap,,,10/08/2026 18:42
7f1a3661-1418-4586-aec1-16ee83b5581b,gazillion.bz,available,21.98,26.98,high,low,9,namecheap,,,11/09/2026 19:54
66df62c6-1f34-47fc-b3b8-09c6deb18895,greenback.bz,available,21.98,26.98,high,low,9,namecheap,,,22/09/2026 02:17
cb104d92-719b-46fc-ac9e-0a9d11b3b71d,positivity.bz,available,21.98,26.98,high,low,10,namecheap,,,17/09/2026 10:30
a4ac4e87-f9d0-49ac-91e6-96da4e9c7599,adiposity.bz,available,21.98,26.98,medium,low,9,namecheap,,,17/09/2026 08:19
b6e2947d-afbb-48f2-b1cf-f639375d8077,application.bz,available,21.98,26.98,high,low,11,namecheap,,,27/09/2026 02:05
d3745644-2dc0-43b1-a7df-e00a7590b9a9,blackcock.bz,available,21.98,26.98,medium,low,9,namecheap,,,24/09/2026 00:30
fecb8bf6-6e87-4d8b-8cc1-bf2f560152c8,tramontane.bz,available,21.98,26.98,medium,low,10,namecheap,,,11/09/2026 18:48
e9d57a71-be9a-477b-a75e-7d43011d7a1f,pretorial.bz,available,21.98,26.98,high,medium,9,namecheap,,,09/09/2026 01:02
bfcec5e8-3f9d-43b2-8a2b-7b8f07902d4b,uterine.bz,available,21.98,26.98,medium,low,7,namecheap,,,13/09/2026 00:02
9c1141ac-6e90-4d2d-b8d6-fe5b74142b5a,aurorean.bz,available,21.98,26.98,medium,low,8,namecheap,,,07/08/2026 18:12
7b6dfc5c-6e8c-4572-950b-42fed938ccf4,upturned.bz,available,21.98,26.98,medium,low,8,namecheap,,,04/09/2026 21:58
67e45839-60b1-4d1d-b933-4882f2ae44e9,mistflower.bz,available,21.98,26.98,medium,low,10,namecheap,,,17/09/2026 17:17
bd19608d-46c2-40b2-9e5b-e8adb51bfd90,barbel.bz,available,21.98,26.98,medium,low,6,namecheap,,,22/09/2026 04:47
06209ef7-9040-41be-bd41-9e2d01c687ee,sybarite.bz,available,21.98,26.98,medium,low,8,namecheap,,,13/09/2026 07:15
21f4beaf-a206-4458-ad48-41b5422ca083,cynic.bz,available,21.98,26.98,high,low,5,namecheap,,,24/09/2026 20:49
9f27e3a7-a5ed-431a-be79-3b65d254eac8,quintette.bz,available,21.98,26.98,medium,low,9,namecheap,,,09/09/2026 09:00
313737c2-b7ad-493d-a19e-ac2efc089a20,angelim.bz,available,21.98,26.98,medium,low,7,namecheap,,,19/09/2026 03:59
8bbcfa20-43ab-471d-a11f-465fea857a9d,little.bz,resell,,,high,low,6,Salestrar EOOD,29/05/2026 08:17,29/05/2027 08:17,26/09/2026 07:16
817c86d0-74f0-43d9-aa97-b72d121ef990,plausibly.bz,available,21.98,26.98,high,low,9,namecheap,,,14/09/2026 09:28
2bedb16d-4f11-45d1-8b72-bc5e3c468949,lillian.bz,available,21.98,26.98,medium,low,7,namecheap,,,26/09/2026 03:34
32fbed5f-5373-43e8-85e2-6beb8b8f297c,bilinear.bz,available,21.98,26.98,high,low,8,namecheap,,,09/08/2026 21:20
4de84f51-44b7-451b-845c-559e11312594,kurdish.bz,available,21.98,26.98,high,low,7,namecheap,,,22/08/2026 17:04
b902668a-63c3-48e8-a28b-3d16974efe65,predictive.bz,available,21.98,26.98,high,medium,10,namecheap,,,09/09/2026 01:25
cdedac03-ddec-4fbf-acf8-84ebfaa13ba3,umpire.bz,available,21.98,26.98,medium,low,6,namecheap,,,20/09/2026 00:47
dbfcc514-2397-4ad0-8af8-19b72e2f7dad,seeable.bz,available,21.98,26.98,medium,low,7,namecheap,,,10/09/2026 01:41
cb0a0418-55e0-4a86-b641-87eee5589f9f,acts.bz,available,25,,high,low,4,name.com,,,
5f597995-82f8-4654-b851-c267d14d96ac,agenesis.bz,available,21.98,26.98,medium,low,8,namecheap,,,17/09/2026 17:08
2d89b445-15fa-4436-be2e-36013387bb8c,finger.bz,available,21.98,26.98,high,low,6,namecheap,,,25/09/2026 06:02
145e20f0-3820-435a-9005-3a7559d2c9df,recommending.bz,available,21.98,26.98,medium,low,12,namecheap,,,20/09/2026 20:42
eb615248-72ce-4d5c-b0ae-dfbf9f786d3e,gettysburg.bz,available,21.98,26.98,medium,low,10,namecheap,,,22/09/2026 15:05
08ddea75-9a9d-47d7-83c8-88e5862a50bb,afferent.bz,available,21.98,26.98,high,low,8,namecheap,,,
f3d25e61-4fda-41a6-b02b-ec1cc789cfb6,banal.bz,available,21.98,26.98,medium,low,5,namecheap,,,22/09/2026 16:37
c53ba8f0-f3af-42cd-adbd-ea83c2ae532f,languorous.bz,available,21.98,26.98,medium,low,10,namecheap,,,22/08/2026 18:05
5b5ba352-b47d-400d-a9d4-248f138575d1,pulmonary.bz,available,21.98,26.98,high,low,9,namecheap,,,09/09/2026 05:54
d304815d-c533-4c82-ad5d-67005587f496,loveable.bz,available,21.98,26.98,high,low,8,namecheap,,,24/08/2026 10:07
c8596710-9af6-4a02-89d0-fbaacbef41d5,van.bz,available,21.98,26.98,high,low,3,namecheap,,,22/09/2026 14:26
e5696fd1-6bc5-46d9-bde4-2fa82d7bf169,defined.bz,available,21.98,26.98,high,low,7,namecheap,,,24/09/2026 05:04
a973dd5d-d821-419f-91fe-b0f2d7bb1040,flowered.bz,available,21.98,26.98,high,low,8,namecheap,,,18/08/2026 08:56
9e05b21a-67ff-4c03-8d21-c975cce082ab,rugged.bz,available,21.98,26.98,high,low,6,namecheap,,,18/08/2026 18:56
0e8f5dd6-f767-4f5e-87ea-426ce49a565d,denied.bz,available,21.98,26.98,low,low,6,namecheap,,,27/09/2026 02:21
948ee4f5-bcf5-4622-b0e7-145fd4ffb03e,recherche.bz,available,21.98,26.98,high,low,9,namecheap,,,09/09/2026 11:27
46212087-ad87-4525-a86d-d626487f98a8,nonpareil.bz,available,21.98,26.98,high,low,9,namecheap,,,24/08/2026 17:02
11b318fd-2ff8-40fa-bcdf-29de31e1d7ee,begin.bz,available,25,27.99,high,low,5,name.com,,,23/09/2026 09:05
30fc9fdb-d713-49c8-8320-e4984152b002,blinding.bz,available,21.98,26.98,high,low,8,namecheap,,,10/08/2026 13:42
e6e14ada-d055-4b06-bbc2-d046384364bd,island.bz,available,25,,high,low,6,name.com,,,
0f765f62-36e9-4233-8517-230ee72dabea,lxxxi.bz,available,21.98,26.98,medium,low,5,namecheap,,,
1573d359-8fb6-4106-bcb8-e7b2e793d0c4,fact.bz,available,25,,high,low,4,name.com,,,
9c8346eb-2026-4b16-bb3b-d55e0a156a79,demented.bz,available,21.98,26.98,medium,low,8,namecheap,,,11/08/2026 01:46
54683726-b88d-4adb-8e47-6e428225a4c8,gipsy.bz,available,21.98,26.98,high,low,5,namecheap,,,10/08/2026 17:23
6ae7d6fb-03ae-44a7-b602-307081b77507,razz.bz,available,21.98,26.98,medium,low,4,namecheap,,,21/09/2026 19:47
a93eaff4-97a4-4584-9677-978779d16b9d,bicycles.bz,available,21.98,26.98,medium,low,8,namecheap,,,18/09/2026 23:48
a4d825c6-f9e5-46a3-bf00-f894d17c157f,pentium.bz,available,25,,high,low,7,name.com,,,
dc273a81-fff0-47be-a873-27ff84e462fa,lecherous.bz,available,21.98,26.98,medium,low,9,namecheap,,,22/08/2026 22:17
3b557a04-22cb-4a94-87a3-aa0cf959a968,cochrane.bz,available,21.98,26.98,medium,low,8,namecheap,,,27/09/2026 01:53
da0a8c04-9431-49fd-be84-6fc5ad1a09dd,backwater.bz,available,21.98,26.98,high,low,9,namecheap,,,21/09/2026 16:21
e4c41afd-f0a8-4c09-9fda-580291193c5c,ruthenium.bz,available,21.98,26.98,medium,low,9,namecheap,,,20/09/2026 23:08
e231ba94-a103-4b05-ae41-e8b4c4ac18d3,giddy.bz,available,21.98,26.98,medium,low,5,namecheap,,,
a486fcd9-59c8-49f8-b651-eeb03cc8e9ef,aras.bz,available,21.98,26.98,medium,low,4,namecheap,,,20/09/2026 00:22
cc2fb810-cd39-427f-9ddd-61168e11a933,sickish.bz,available,21.98,26.98,low,low,7,namecheap,,,03/09/2026 14:05
291a0651-e83d-45ba-b9bc-7a49ca96fd39,slatey.bz,available,21.98,26.98,medium,low,6,namecheap,,,10/09/2026 10:21
07624afe-6593-4bca-b536-beff78d00fe3,clinquant.bz,available,21.98,26.98,medium,low,9,namecheap,,,12/08/2026 11:08
88571e92-fad6-4ef8-b37f-38a34811d556,adaxial.bz,available,21.98,26.98,medium,low,7,namecheap,,,
17322682-c186-4ce2-b815-04dd472de164,leaden.bz,available,21.98,26.98,medium,low,6,namecheap,,,22/08/2026 21:44
83b8db95-c83e-4ea4-b477-eab506baf77c,possibilities.bz,available,21.98,26.98,medium,low,13,namecheap,,,16/09/2026 10:01
9f01915c-5cc2-4f22-a179-69b265264948,badly.bz,available,25,27.99,medium,low,5,name.com,,,22/09/2026 16:07
c1a4a82c-faac-4634-a20e-c0769ddde546,look.bz,available,21.98,26.98,high,low,4,namecheap,,,24/09/2026 21:51
f50c0f8f-b07e-4ced-9853-6c439ff4e25e,squall.bz,available,25,,medium,low,6,name.com,,,
948594b8-8f7d-4ef6-ba8b-bc1a580b8e15,wearing.bz,available,21.98,26.98,medium,low,7,namecheap,,,11/09/2026 16:26
4f47d6df-fe68-4232-a650-9a71e338f657,tiresome.bz,available,21.98,26.98,medium,low,8,namecheap,,,10/08/2026 20:03
363217e5-743b-45a6-b7cf-a543afee3d56,sums.bz,available,21.98,26.98,medium,low,4,namecheap,,,18/09/2026 07:08
3bd9a5a2-bbc6-41e8-a3b3-acff895e9c83,stael.bz,available,21.98,26.98,medium,low,5,namecheap,,,22/09/2026 07:38
5381ad89-3323-40e7-8168-5e9034bc8f28,haste.bz,available,25,,high,low,5,name.com,,,
22ca0ced-c852-4b7e-b991-6cd7644e0d0a,legged.bz,available,21.98,26.98,high,low,6,namecheap,,,22/08/2026 22:55
cca52409-e53a-404c-be7f-45157ffe158e,biceps.bz,available,21.98,26.98,high,low,6,namecheap,,,23/09/2026 13:05
64559427-9ffd-4c7c-b0c7-43f090306a2c,bellbottom.bz,available,21.98,26.98,low,low,10,namecheap,,,09/08/2026 13:21
5350a7ed-cead-40ed-bec5-6b5049d7252c,lunches.bz,available,21.98,26.98,medium,low,7,namecheap,,,20/09/2026 07:45
9212411a-501c-4de5-a517-e62b001e34fa,arrack.bz,available,21.98,26.98,medium,low,6,namecheap,,,19/09/2026 23:47
5af3d31b-37e7-46ed-974e-3fbba5139084,disclaimer.bz,available,21.98,26.98,high,low,10,namecheap,,,24/09/2026 22:28
4c7c2de1-171b-4ba7-a153-3c5154124904,grecian.bz,available,21.98,26.98,high,low,7,namecheap,,,20/08/2026 19:44
55517f40-603d-4210-ba88-c0c651e59fc1,aarhus.bz,available,21.98,26.98,high,low,6,namecheap,,,16/09/2026 13:27
c6fd6cc5-116f-461b-ad42-567c608b90d4,annapurna.bz,available,21.98,26.98,high,low,9,namecheap,,,19/09/2026 02:23
ef2b3366-4955-46a7-a216-0b7946aedafd,viewable.bz,available,21.98,26.98,high,low,8,namecheap,,,13/09/2026 05:37
040fa886-9b68-4788-8a7f-b9f6a68574c5,formalized.bz,available,21.98,26.98,high,low,10,namecheap,,,18/08/2026 12:03
4d50971a-71fc-4497-a8af-c5789eb7e07e,winston.bz,available,21.98,26.98,high,low,7,namecheap,,,25/09/2026 14:24
03a77152-4c86-43dc-b341-eef70398fbb8,inspiring.bz,available,21.98,26.98,high,low,9,namecheap,,,25/09/2026 09:50
25c96e79-108a-4c96-bda0-019196c140a6,schoolwide.bz,available,21.98,26.98,high,low,10,namecheap,,,09/09/2026 23:18
6534deca-4b97-4a8e-b920-43cb59e08c44,velvetleaf.bz,available,21.98,26.98,medium,low,10,namecheap,,,16/09/2026 19:24
105221b9-a85e-498c-967b-b5925caa32a2,agdistis.bz,available,21.98,26.98,medium,low,8,namecheap,,,17/09/2026 16:43
489082b7-585a-43af-ac4c-b4d9e285bbb1,justified.bz,available,21.98,26.98,high,low,9,namecheap,,,25/09/2026 12:26
abafbe4f-c8b1-4dc1-be2f-bc24d1bed7ad,stuffy.bz,available,21.98,26.98,high,low,6,namecheap,,,
1ec4b265-3388-4078-8ef7-d22b378cb8b1,asthmatic.bz,available,21.98,26.98,medium,low,9,namecheap,,,22/09/2026 10:23
129f0d30-018e-406c-9ee6-60561aff0058,somme.bz,available,21.98,26.98,medium,low,5,namecheap,,,22/09/2026 16:09
2fcf8d59-7e4f-4369-ad44-da4cf4e3226d,weimar.bz,available,,,high,low,6,,,,26/09/2026 00:31
1bcf2340-98bf-46c3-bbc5-315f344a0b8a,bce.bz,available,25,,high,low,3,name.com,,,
121bda47-b3ac-4e52-877b-5e9b6f023767,usance.bz,available,21.98,26.98,high,low,6,namecheap,,,13/08/2026 12:25
376c5153-600f-441a-aee2-f75f237766d4,endow.bz,available,21.98,26.98,high,low,5,namecheap,,,24/09/2026 23:37
d0b94fe3-a754-4d93-ac3c-240f6d35fc6e,hated.bz,available,21.98,26.98,medium,low,5,namecheap,,,14/08/2026 04:14
23ce9709-2966-4f13-84cd-e7696bac4365,bentham.bz,available,21.98,26.98,high,low,7,namecheap,,,23/09/2026 08:40
f7654ef0-d2eb-43e6-944d-295834060a50,norseman.bz,available,21.98,26.98,high,low,8,namecheap,,,03/09/2026 21:43
da4a374b-b435-4230-bfd5-a1a43a8cd34b,proceeded.bz,available,21.98,26.98,medium,low,9,namecheap,,,18/09/2026 01:36
566fb34e-45ed-45d3-a8e4-744b9e90c546,clx.bz,available,,,high,low,3,,,,
fa07d8f4-b7f8-49d4-a7d3-263b81377f62,narratives.bz,available,21.98,26.98,medium,low,10,namecheap,,,20/09/2026 10:13
b5b85512-1c71-4619-a014-448cbb9be5a3,clxxx.bz,available,21.98,26.98,medium,low,5,namecheap,,,
93ae6a8a-5ba2-4453-83c2-2a21b056a6e3,looseleaf.bz,available,21.98,26.98,high,low,9,namecheap,,,24/08/2026 09:43
31629fe9-93b5-4874-9dd8-cac10e8707b1,lachrymose.bz,available,21.98,26.98,medium,low,10,namecheap,,,14/08/2026 15:34
a478fe6c-5098-4865-a64e-12b881c2cf14,contracted.bz,available,21.98,26.98,high,low,10,namecheap,,,23/09/2026 22:26
762ab17f-5519-4b4f-a293-a5a872201e41,received.bz,available,25,,high,low,8,name.com,,,
a5b8a2a7-921f-41e5-8feb-9c6bb37e11e4,saliferous.bz,available,21.98,26.98,high,medium,10,namecheap,,,09/09/2026 20:52
c41cb578-64f1-43f2-ba54-d90a9fa19416,inventor.bz,available,21.98,26.98,high,low,8,namecheap,,,20/09/2026 11:36
6dde514d-8164-4b65-a532-88b65804f872,recognize.bz,available,21.98,26.98,high,low,9,namecheap,,,27/09/2026 02:43
3ad56c95-102c-46af-8689-fc88eae8b806,minus.bz,available,21.98,26.98,high,low,5,namecheap,,,25/08/2026 00:55
17cbc2b7-db7f-43c8-b5ce-41fb78eaea69,globally.bz,available,21.98,26.98,high,low,8,namecheap,,,14/09/2026 21:41
8eb0a176-ddbf-4dba-88e5-33c92364ca5d,weakening.bz,available,25,27.99,medium,low,9,name.com,,,13/08/2026 20:44
8135d9d7-9c25-4b5f-a4f0-4114ce787a6d,vulpine.bz,available,21.98,26.98,medium,low,7,namecheap,,,13/09/2026 07:26
479b1c75-8f6b-4ed7-93e6-7679102fd551,acetabular.bz,available,21.98,26.98,medium,low,10,namecheap,,,
8eb2c41c-8608-4d03-aae6-8ea34da1bbbc,coat.bz,available,25,,high,low,4,name.com,,,
50b96e4c-3121-4e6b-876e-73a1b1c121dc,unhatched.bz,available,21.98,26.98,medium,low,9,namecheap,,,12/09/2026 12:05
a28b0bc6-16a5-4900-86ca-00fb42d874eb,antipode.bz,available,21.98,26.98,medium,low,8,namecheap,,,19/09/2026 14:58
e2cefe85-245c-4c3b-b0d8-42071c3a5773,accomplished.bz,available,25,,high,low,12,name.com,,,
c8f0c70f-5a95-413d-9490-864506c3046a,failed.bz,available,25,,medium,low,6,name.com,,,
f121144a-7794-41f1-ac18-2c1e21e6f0e7,luckless.bz,available,21.98,26.98,medium,low,8,namecheap,,,24/08/2026 10:59
355ddcdb-bf5b-4b87-aa43-3b9f066bb97a,countywide.bz,available,21.98,26.98,high,low,10,namecheap,,,13/08/2026 03:48
d14bae53-a38c-4c65-885c-de791894f338,verbosely.bz,available,21.98,26.98,medium,low,9,namecheap,,,15/09/2026 12:43
c1777ce2-a2cf-4d84-9667-18665c855545,atriplex.bz,available,21.98,26.98,medium,low,8,namecheap,,,21/09/2026 00:45
f5b82765-0c82-4aa8-9b62-569980d4d99d,receptions.bz,available,21.98,26.98,medium,low,10,namecheap,,,20/09/2026 06:10
80d4416b-16ae-4f1c-8f41-91520cd2692c,thoughts.bz,available,21.98,26.98,high,low,8,namecheap,,,16/09/2026 21:58
56aea087-0a83-4cb6-9761-f0303d42041f,legibility.bz,available,21.98,26.98,high,low,10,namecheap,,,24/09/2026 22:31
5d997d71-af7d-46eb-8158-b17230a6ba10,queried.bz,available,21.98,26.98,medium,low,7,namecheap,,,20/09/2026 15:21
5ff4571b-9b40-4ca8-bef4-b986fb764c1c,diagonal.bz,available,21.98,26.98,medium,low,8,namecheap,,,07/08/2026 04:07
88be566d-dff1-4c6f-a4cc-11a8eba20ed8,muggy.bz,available,21.98,26.98,medium,low,5,namecheap,,,03/09/2026 10:31
eba0216a-1c33-43ed-8a22-498eb229a6ff,bluetooth.bz,available,25,,high,low,9,name.com,,,
75c1486b-fc02-44b2-af0b-84ee67498f44,gallstone.bz,available,25,27.99,medium,low,9,name.com,,,23/09/2026 15:46
80373cf9-4282-4ca6-807a-1107a807eac4,ranch.bz,available,21.98,26.98,high,low,5,namecheap,,,25/09/2026 22:09
a834acee-309b-4831-88bb-43e0ac3c24ff,righted.bz,available,21.98,26.98,medium,low,7,namecheap,,,20/09/2026 15:58
bf67814d-fd26-4f06-a41b-032d7fb1223a,retailed.bz,available,21.98,26.98,high,low,8,namecheap,,,20/09/2026 16:31
91a31888-10df-42ae-a601-12a5b8dc2e42,attacked.bz,available,21.98,26.98,medium,low,8,namecheap,,,25/09/2026 20:43
2c695c92-6cfd-4669-b432-efcd8f81fb78,thenar.bz,available,21.98,26.98,medium,low,6,namecheap,,,11/09/2026 12:51
67a7c123-30d7-4d6c-878f-14a4589bc1f0,annalist.bz,available,21.98,26.98,medium,low,8,namecheap,,,19/09/2026 10:03
0f72c22a-6f02-41b3-93ab-7e0dff4fcf13,haynes.bz,available,21.98,26.98,medium,low,6,namecheap,,,27/09/2026 01:55
a9cdd54d-08c4-461b-9314-ef519c220dbb,hauteur.bz,available,21.98,26.98,medium,low,7,namecheap,,,20/09/2026 09:20
dccbe228-3fba-48cd-9b51-fe52d43cf2a4,insult.bz,available,21.98,26.98,high,low,6,namecheap,,,17/09/2026 14:53
24fcdff1-a325-4879-b0f4-a9d72dd7b763,pricy.bz,available,21.98,26.98,medium,low,5,namecheap,,,21/08/2026 08:58
fc9df081-a225-489a-9936-b285cf78720b,reasoned.bz,available,21.98,26.98,high,low,8,namecheap,,,09/09/2026 11:08
37e4b483-5ffc-4336-b663-4b4f2e1a70d1,copycat.bz,available,21.98,26.98,high,low,7,namecheap,,,19/09/2026 16:27
2fca1736-1e62-4868-9226-bab95ca2b33b,systematically.bz,available,25,,medium,low,14,name.com,,,
b5692a0c-a273-4536-9843-6e96dd6550a7,angulate.bz,available,21.98,26.98,medium,low,8,namecheap,,,
91895712-21bf-4edb-ae23-b795c107bf43,gerry.bz,available,21.98,26.98,medium,low,5,namecheap,,,25/09/2026 15:41
d0a66b60-1dbb-4559-b123-d5340539669f,septuple.bz,available,21.98,26.98,medium,low,8,namecheap,,,10/09/2026 04:23
09d332b3-1e5d-44ce-bb7b-65df80fb3a3f,gladsome.bz,available,21.98,26.98,high,low,8,namecheap,,,19/08/2026 00:13
65c16767-3dba-4bcd-9553-ea8634513231,unwearable.bz,available,21.98,26.98,medium,low,10,namecheap,,,12/09/2026 22:31
b9866f42-8ff7-4036-81de-f5042504f886,mutual.bz,available,21.98,26.98,high,low,6,namecheap,,,25/09/2026 22:40
317cb100-9ccb-4bb5-83a9-876c33625828,crowing.bz,available,21.98,26.98,medium,low,7,namecheap,,,10/08/2026 16:37
029d19ec-818f-43f0-b1c5-b1a40fefd005,murders.bz,available,25,27.99,low,low,7,name.com,,,25/09/2026 21:34
d09c2d21-ca2a-41e5-8158-04b7e9a03688,truncheon.bz,available,21.98,26.98,medium,low,9,namecheap,,,23/09/2026 16:38
098f6ef1-7583-4ce9-ac65-0811fc73aad4,horrify.bz,available,21.98,26.98,medium,low,7,namecheap,,,18/09/2026 01:56
4eeab791-6a07-4f64-8ba4-89dc6b1a1854,sestet.bz,available,21.98,26.98,medium,low,6,namecheap,,,
5a479908-258f-4245-b806-f743387b689e,ambages.bz,available,21.98,26.98,medium,low,7,namecheap,,,18/09/2026 16:24
fd43da30-1383-4a73-bd8a-78ed6abf236e,tells.bz,available,21.98,26.98,medium,low,5,namecheap,,,18/09/2026 14:10
8ebd3820-676f-4c17-936e-831f6e0f10f8,sorrowful.bz,available,21.98,26.98,medium,low,9,namecheap,,,10/09/2026 14:37
a3249847-772b-49c6-9754-063e40ce0bee,sousaphone.bz,available,21.98,26.98,medium,low,10,namecheap,,,22/09/2026 11:51
a94a35ff-d20a-437d-8e9b-8d25118dc3ae,angiology.bz,available,21.98,26.98,medium,low,9,namecheap,,,19/09/2026 06:13
e6d4b2ec-8c87-4df8-98c3-9f2be0d259a7,patrician.bz,available,21.98,26.98,medium,low,9,namecheap,,,06/08/2026 19:34
6cb05236-c190-4657-b668-8ce3576fc4fb,diligent.bz,available,21.98,26.98,high,low,8,namecheap,,,24/09/2026 08:25
a4691454-c992-43eb-9bce-fd2503f7690b,achomawi.bz,available,21.98,26.98,medium,low,8,namecheap,,,17/09/2026 00:49
b4991fe3-d161-41b7-9058-d709e0ca023e,temerity.bz,available,21.98,26.98,medium,low,8,namecheap,,,21/09/2026 02:48
80428371-aa52-494a-b7b2-dc7340027b06,alcides.bz,available,25,27.99,medium,low,7,name.com,,,18/09/2026 04:05
6567575a-04b7-4551-83ee-576ed7664fe5,emboss.bz,available,21.98,26.98,high,low,6,namecheap,,,10/08/2026 20:42
c8975dfc-84f7-4578-9b5d-3ecc5cc3ad96,duodenal.bz,available,21.98,26.98,medium,low,8,namecheap,,,14/08/2026 21:21
c05f0341-2e13-431c-b8b3-fc12d62288a6,safely.bz,available,21.98,26.98,high,low,6,namecheap,,,16/09/2026 00:26
b019689c-7b86-4953-af9d-bb3d70c0c6a5,annulus.bz,available,21.98,26.98,high,low,7,namecheap,,,19/09/2026 03:40
468abfce-4f6d-4d09-8328-19650fb1d16f,four.bz,available,21.98,26.98,high,low,4,namecheap,,,21/09/2026 13:11
cb9ea2e7-016f-4118-ab07-f30db29e8974,hirschfeld.bz,available,21.98,26.98,medium,low,10,namecheap,,,18/09/2026 01:20
e0d37aa0-b97c-4f84-b4af-af03ddd56447,bedevil.bz,available,21.98,26.98,medium,low,7,namecheap,,,14/08/2026 21:15
16923b0e-a0a2-475d-87cc-e17e7a441153,bph.bz,available,21.98,26.98,high,low,3,namecheap,,,23/09/2026 08:07
2c078ec5-6c2e-4bbc-b6fb-b4ca507a16ab,mottled.bz,available,25,27.99,medium,low,7,name.com,,,13/08/2026 17:41
93067158-c0ba-4e6a-a1e6-0952aeb9bb85,anthozoa.bz,available,21.98,26.98,medium,low,8,namecheap,,,17/09/2026 05:01
850e79c4-b331-4b72-99a6-a1a4ab37716e,congolese.bz,available,21.98,26.98,high,low,9,namecheap,,,12/08/2026 21:54
4cde6e3e-0f5b-47f6-85ca-95a7a70efb23,trained.bz,available,25,,high,low,7,name.com,,,
475ad745-e3b9-4609-8592-88c26b8e341a,national.bz,available,21.98,26.98,high,medium,8,namecheap,,,25/09/2026 22:55
ddbf8c6c-3fe7-4187-b20a-a4a34d26f09d,sabbatical.bz,available,21.98,26.98,high,low,10,namecheap,,,09/09/2026 20:30
ed47fc14-d719-4f92-8374-5fe6df6640a0,curst.bz,available,21.98,26.98,medium,low,5,namecheap,,,13/08/2026 11:34
4e9d5ac9-b8cf-4515-b93b-d36961c2285e,armet.bz,available,21.98,26.98,medium,low,5,namecheap,,,20/09/2026 06:49
f71c4322-0cb8-4699-b3a1-9364861938ad,destitute.bz,available,21.98,26.98,medium,low,9,namecheap,,,14/08/2026 04:32
71684be6-14b6-42f2-9df3-9c187afc3bc5,agee.bz,available,21.98,26.98,medium,low,4,namecheap,,,17/09/2026 16:52
7b4f60f0-3cd1-4f48-94f1-f77a11b9fbb3,oldest.bz,available,25,,high,low,6,name.com,,,
64aebe7a-c8f9-4144-a1e0-b644fc4004bc,sexist.bz,available,21.98,26.98,medium,low,6,namecheap,,,10/09/2026 05:14
dd1c1e03-7619-46b3-9aad-889f18bf7777,swishy.bz,available,21.98,26.98,medium,low,6,namecheap,,,11/09/2026 05:54
5474e8a9-db73-41db-befc-1d73ea316d26,patronage.bz,available,21.98,26.98,high,low,9,namecheap,,,21/09/2026 15:39
328c1ad1-dc38-41b7-b815-0caff315cbef,certificate.bz,available,25,,high,low,11,name.com,,,
c7321338-c8e4-4e69-8d35-73a84c0c1ae2,cummings.bz,available,21.98,26.98,medium,low,8,namecheap,,,25/09/2026 04:27
9cb195ad-2d68-4aa8-af36-01d01032ff48,irate.bz,available,21.98,26.98,medium,low,5,namecheap,,,22/08/2026 09:44
c93fefd6-66d5-4703-b35e-10164e7aebd0,marquette.bz,available,21.98,26.98,high,low,9,namecheap,,,25/09/2026 07:53
7d43df89-dc29-4a56-8320-f9a9108eddb5,allotted.bz,available,21.98,26.98,high,low,8,namecheap,,,